gene,log2FC,pvalue,adjusted_pvalue
ABCA3,1.2023947511634026,0.00026656520745742257,0.004134530344297379
ABCC4,1.1211127786909825,2.0631663253245683e-05,0.000648462540347621
ABCC6P2,-1.09425185084446,0.008360596725884704,0.02849097947609959
ABCG2,-1.4619135850127143,0.0001714154075911022,0.0030461709890382375
ABO,-1.0638637193904086,0.0032214320919006644,0.01545351569091208
ACADL,-1.2180105987763101,6.609380876466474e-07,5.333969145680669e-05
ACER2,1.0835670137547209,0.0010995976458357045,0.00944880059575141
ACOX2,-1.2066527175322581,0.009893512444048957,0.03213221726422171
ACP3,-1.1070741444073762,1.2886869689722134e-07,1.7620537046450002e-05
ACSF2,-1.6456034078353077,1.4887873737687885e-05,0.0005071286852074425
ACSM1,1.2044628415705088,3.2511725285061883e-09,1.2244372047270585e-06
ACSS3,-1.3046646962073005,1.2512803292877025e-05,0.0004536780420864389
ACTMAP,1.1654293941157228,8.199983855609083e-05,0.0017925565522236271
ADD3,-1.4927573245845291,6.971171118102412e-13,1.6627792265811608e-09
ADGRG1,-1.077840268810828,2.1669741700714635e-05,0.0006702944453735462
ADIRF,-1.00163460703286,0.00045430717416815433,0.0058539088282519615
ADIRF-AS1,-1.1972601412609372,0.0021506314026820557,0.012583157351151729
ADRA1B,1.0385415042050332,0.0012322711843404716,0.009918697230685003
ADSL,1.3964199962557768,1.0601751670525009e-10,7.586260103705346e-08
AFAP1,1.1276329835884467,4.496511926593323e-06,0.00021691375624309858
AFAP1L2,-1.3415700333267881,0.00015856234071786056,0.0028773100322825973
AFM,1.0868824859930195,0.0018701733738087014,0.011801002885229686
AFP,1.0662798622882041,0.0015298695993953052,0.010846335132906419
AGPAT1,-1.081163311238241,0.003055013778390959,0.014993594142825495
AGPAT3,1.1744947665882401,8.668335135817623e-08,1.3501723570836296e-05
AGPAT4,-1.08542400740224,0.0015703626274194546,0.01095399667241547
AGR2,1.3293288747080017,0.0001940414350276394,0.0033174197469878603
AIMP2,1.3364865154076564,5.969709287380011e-06,0.00026682656195705333
AIRIM,1.0242201314708184,3.547644871560838e-06,0.00018440022386875666
AJUBA,-1.609675965662257,4.459718552805701e-07,4.2128620936414266e-05
AKR1B1,-1.24012465859858,0.0017101888280276372,0.011329934316348737
ALAS2,1.029433847641143,0.000751927863443475,0.007938238506964679
ALDH1A2,-1.0594103487066049,3.0665268829792286e-06,0.0001649852947291105
ALDH2,-1.1159079037429858,3.371054178395697e-06,0.00017730627245305557
ALDH3A2,-1.3850668711285232,5.576945367622854e-09,1.735076611692171e-06
ALKBH2,1.3002746888716308,5.128554422971753e-07,4.5120769589317466e-05
ALOX12P2,-1.2802340153879581,0.00019568963209476192,0.003320845321880043
AMACR,1.2792900423692022,1.8434087661243637e-07,2.3277915283759833e-05
AMT,-1.0256676818441923,0.0012727796120098702,0.010076508467121008
ANG,-1.2803213239407287,2.185340042228611e-08,4.787009661889958e-06
ANKRD34C,1.027165019126282,0.0016744560392107553,0.01121895998556095
ANKRD65,-1.1393243917624816,0.0005610843911960182,0.006698998123362026
ANKS1A,1.2639315940866713,0.0010353505167904182,0.009197770382723083
ANKS3,1.3345989517281143,0.00037011595345918846,0.005146190311800219
ANO5,-1.267116359861308,0.00016806714652381824,0.002999083486639074
ANOS1,-1.165003972126849,3.135548884170459e-05,0.0008787314346799901
ANOS2P,1.0406614686786497,0.0011501382750767348,0.009627866178062765
ANP32E,-1.0619036181590986,1.6666351276670484e-05,0.000550425481317362
ANTKMT,1.2746515796462177,0.00031103520992736844,0.004557674301372572
ANTXR2,-1.3531044621442176,1.9590167562370928e-08,4.473852415546986e-06
ANXA1,-1.3055943638811485,7.07821824104513e-06,0.0003008088460127993
ANXA2,-1.5626084729549925,2.5562535136071085e-11,2.442104092689167e-08
ANXA2P2,-1.399604324110957,1.1034334752504565e-08,3.0368469760514806e-06
AOC1,-1.6266683599062208,5.21354400438306e-05,0.0012603507786271527
AOX1,-1.676229899458527,3.3781276113709286e-06,0.00017730627245305557
APCDD1,-1.4611994395126398,1.9026246662759724e-07,2.360904260748341e-05
APMAP,1.2966372774422412,4.22510579123588e-06,0.00020802831656068955
APOA5,1.0058583991683232,0.0015639585770509286,0.010939556459287157
APOB,1.0469245669690455,0.0003463033822377184,0.004923241527481524
APOBEC3C,-1.3314061045393644,0.0014058407913884227,0.010505320441054027
APOC1,1.160816325898858,5.482431444471632e-05,0.0013135195961883094
APOF,1.1783909162791104,4.468938332950683e-08,8.061739428021203e-06
AQP8,1.11480878697254,0.0007426432818880597,0.007899021322142178
ARFGEF3,1.1570807956465359,1.690345477827871e-05,0.0005570027997552229
ARHGAP32,1.3350677513091476,2.0032183077809294e-06,0.00012012035590260675
ARHGEF26,1.466654288441038,3.053696329998796e-08,6.014100836337996e-06
ARHGEF38,1.097615078704939,4.701267444304269e-06,0.00022477084237612413
ARHGEF5,-1.0335749563590864,0.0018928682870878023,0.011877872995882449
ARL4C,-1.1289918814257247,0.00010491638649532103,0.0021247547819764684
ARLNC1,1.1434709503819012,9.899904315684616e-08,1.4465458412295753e-05
ARMCX1,-1.3016392851642258,4.8452439710289624e-09,1.62520081759498e-06
ARMCX5-GPRASP2,-1.0701387159253763,0.00013637653736673226,0.00257710838701729
ARRDC1,1.2017550216555626,0.0016787081544002928,0.011229924571676873
ARVCF,1.1810883301060122,5.089175057172783e-05,0.0012386544325660785
ASAP3,-1.0026577854357648,0.00019178716137261407,0.003298954321463066
ASPN,1.1854400185816323,3.148370400565346e-06,0.00016854380894996583
ATG5,-1.0477953155593185,9.900798039708239e-05,0.002043657995369392
ATP11B,1.1702384781757162,2.9117308654361077e-06,0.0001594544043069309
ATP1B2,-1.154425555788408,0.0013979290521129847,0.010489193557931025
ATP5F1D,1.3600705807985087,3.958027788767742e-06,0.00019852098724644184
ATP5ME,1.0637364080317195,8.347341826785513e-06,0.0003355662677820311
ATP6V0D1,-1.1693683376542419,1.2199873910189186e-06,8.20986499153703e-05
ATP6V0E2,1.1704475337985796,7.335722631154243e-06,0.00030877638769213363
ATP8B4,-1.3994828786730433,0.002573833403885071,0.013780560462177429
ATXN3L,1.016268975671864,0.0014640880943480041,0.010669316659922939
AUP1,1.0987153362569155,8.925380367449648e-05,0.0019008049637702538
AVPI1,-1.739932445643196,5.0555457837956e-06,0.00023799868715074592
B3GAT1,1.3626497852513264,3.91712837685934e-10,2.2128682859484067e-07
B4GALNT2,1.016769956963824,0.000974296982466953,0.008894443266954849
B4GALT2,1.5602426680961652,5.95787248513242e-05,0.0013989267075131889
BAG3,-1.0499115616678474,0.000568103310372768,0.006752754022022265
BAG6,1.0917227042154187,0.00012670528038135167,0.002459296793803324
BBS5,-1.224296436515268,0.004060858711410765,0.017738724276707068
BCL11A,-1.4861193112874085,3.7189306299802e-06,0.00019099110965020325
BCL9,1.1972783899144752,8.357695070863629e-05,0.0018122690917800961
BDH2,-1.118041394641925,0.00040418096999629246,0.005467965416857003
BEND4,1.338134444564189,1.058593650925346e-08,2.9512766109629097e-06
BEX1,-1.656792446477707,2.3538599044241423e-07,2.685301717663943e-05
BEX2,-1.069971249513055,6.996102975315566e-06,0.0002979954782031369
BEX3,-1.004409117969215,0.0005984984308766862,0.00695989480803349
BICD1,1.3095289574794722,4.510361287014269e-10,2.4826647627778283e-07
BIK,1.1971895553908096,5.660628934954667e-05,0.0013454792738209196
BNIP3L,-1.1603778200546597,2.6030209694486435e-07,2.8655923667258475e-05
BNIPL,-1.2955090088779122,0.0004322680983271054,0.005692577017160633
BOLA2B,1.2903557706616726,6.996306936897609e-06,0.0002979954782031369
BOP1,1.1070900160010277,4.869770169793394e-07,4.448483244040629e-05
BPHL,1.2344926853015945,2.326358698662785e-05,0.0007076071302931514
BPIFC,1.053907663911016,0.0009293937393605486,0.008709391459519395
BRAT1,1.45718647680647,0.00016499247888524757,0.0029588437560977444
BRD1,1.1759838093433557,0.0004456894637245947,0.005774058972707227
BRI3BP,1.1659795927626433,6.24091440145952e-05,0.0014530771090686715
BST2,-1.328131259118143,4.6577589124568774e-05,0.0011613020972556537
BUB1B,1.0718706627781156,5.595514717893062e-07,4.747783179802781e-05
BZW2,1.0041487041908927,0.0016020839034123872,0.011022210104048141
C17orf50,1.0303540404927651,0.0013022922576214257,0.010173575245278326
C19orf48P,1.2536083795024906,2.86443891191865e-05,0.0008231714875790851
C19orf84,1.0123791960173945,0.0007339046104319978,0.007849890519254457
C1QTNF3-AMACR,1.5774907386326589,9.5386740425884e-08,1.4219910810572582e-05
C1orf116,1.2021213172272467,0.00018372388393564557,0.0031935710320562813
C22orf46P,1.1206090112448193,0.0007603621951384558,0.007964290581434993
C3AR1,1.2422303835076378,6.778433597807947e-06,0.00029267828427019646
C3orf80,1.0665856292617568,0.0001073126050764007,0.002152971675864574
C4B_2,1.1496778813401682,0.000149470833038611,0.0027628764463308014
C8orf88,-1.4755904703802705,1.5664515961664626e-06,0.00010037915347732972
C9orf152,1.233611248441572,0.00027646243849735285,0.004208763546716316
C9orf43,1.0902678786811046,0.00033373482812533044,0.0047841409954820936
CACFD1,1.115026754877242,4.601101297019743e-05,0.001149255583230797
CACHD1,-1.1926074097284216,0.00035308823033727583,0.004983395818967982
CACNA1D,1.0864307845695091,4.133683051012422e-05,0.0010627278330069898
CACNA1F,1.0066377030459537,0.0022595179156256707,0.012886479999430859
CACNA2D1,-1.0077985371883251,0.0003210244091417132,0.004662673200977779
CACNB4,-1.0205904985796033,0.0035989224290169384,0.0165257899002581
CALM1,-1.469354245507342,4.089713692012636e-07,4.00922983828823e-05
CALML5,1.0780149703389423,0.006616641628380391,0.024318199748481838
CAMKK2,1.2844838008565838,8.932495965489505e-08,1.3696706492225943e-05
CANT1,1.4579726947036793,7.617966714993813e-06,0.00031754347858402364
CAPG,-1.6909371972302025,2.1577340436632962e-07,2.5173954736586946e-05
CAPN10,1.034201828209938,3.223749825179059e-05,0.0008921509882431567
CARD18,1.076304953326105,0.003030631592019045,0.014952555363335519
CASC17,1.0377699649006733,0.0008817154636368297,0.008520033927995782
CATSPER1,1.026768976723524,0.0012872676998922983,0.010125971313150593
CAV1,-1.0644831924151128,0.0007294101852113646,0.007825211617157603
CAV2,-1.350089925316877,1.8647553749459158e-06,0.00011372358986921585
CAVIN1,-1.0604111177654405,5.840709341005825e-06,0.00026285640969260385
CAVIN2,-1.0582437100464008,0.0026439903816430125,0.013942162005092249
CBLL2,1.0009361781968171,0.00619619529151928,0.023311203000884052
CCDC106,1.0141134356086152,0.0006627348045108516,0.007411442927643539
CCDC110,1.0641243315255065,1.8747998337928332e-06,0.00011401226071396813
CCEPR,-1.4318412580474205,0.0029203731146540224,0.014631294213894721
CCIN,1.0003872934704197,0.002040210877081116,0.012306042961028467
CCK,-1.4609826080655954,0.00030425239507803054,0.004492012493218764
CCL16,1.0019149191051346,0.0015327370062337704,0.010852000432988243
CCL2,-1.2043787825377048,5.114227107470375e-05,0.0012419356709962278
CCND2,-1.1279771644769427,1.1694688861481815e-05,0.00043209963130710866
CCNG2,1.1470012538636545,2.6605644955771675e-05,0.0007823881921445898
CCT5,1.0877418451159686,9.151297683562628e-08,1.3932688466172975e-05
CCT6A,1.1300001598841956,2.8852092916339295e-06,0.00015881227657309118
CD177,-1.783420797948497,4.665266865289883e-15,1.0014928379717791e-10
CD38,-1.286443225097166,6.893918246885153e-08,1.153617730089918e-05
CD40,-1.0304913860899072,0.002866569209355968,0.01448602665189373
CD46,-1.064001384338494,0.0005123127903793206,0.006349779833182953
CD47,-1.0073486868533459,3.0325289142187683e-05,0.0008588297915769697
CDC14B,-1.1804773862175382,7.984528665127648e-06,0.0003264835749605623
CDC42EP4,-1.181586078694791,0.0001964640388346055,0.0033260989918473785
CDH3,-1.430996941715604,6.401845955724691e-07,5.205622239831134e-05
CDK4,1.0495393848309922,8.011228771944001e-05,0.0017620599185176422
CDR2L,1.0725053417288715,3.905394138932668e-05,0.001021957667273599
CEBPB,-1.1563447585471982,0.0002559706452625645,0.0040285350746711674
CELSR2,-1.1240631298045702,0.0024809640599566373,0.013532126703195082
CENPX,1.4851757213786574,3.3081805450895015e-07,3.426382475971559e-05
CERS2,1.042563414250971,6.436457577899796e-05,0.001492132125537526
CFD,-1.2897696950269621,7.614648683019156e-05,0.0016974419862759316
CFH,-1.0259778382220452,4.238161978510025e-05,0.0010805299666588443
CFL2,-1.081679055837761,0.00013795280652189836,0.002597748155794379
CGREF1,1.5612050768192596,1.5503771251731555e-08,3.920902489800687e-06
CHAT,1.033643085515334,0.0019356750860908536,0.011981519208326382
CHCHD3,1.101688041661869,2.7238852114321072e-05,0.0007955868662815309
CHD1L,1.0242222112315251,2.983563932351801e-06,0.00016252313465294857
CHD9NB,-1.3175665268986507,0.0033313233241192425,0.01581552317718569
CHMP4C,1.2566461340716222,1.1700655136192816e-06,8.050575763097795e-05
CHRM4,1.036063511146144,0.0013000872905700846,0.010170908843537902
CHTF18,1.339401541358094,1.0907388768899584e-05,0.0004115095161721746
CIB2,-1.3628719381392063,0.00013124579104421556,0.0025155833895947996
CIDEB,-1.2513514459000399,0.00017475743729483036,0.003090212443499278
CLDN3,1.211366766519388,0.00013592831528994016,0.0025731685576094758
CLDN7,1.1254050431901452,0.0005477295637081835,0.006635502564403824
CLIP4,-1.3009516915734791,1.1984377220416367e-08,3.215857822383477e-06
CMIP,-1.3204194559376545,8.960591528488009e-06,0.0003523022313956998
CMTM2,1.0010560828034514,0.0012154826956357596,0.009860302748344233
CMTM5,1.0787281060399923,0.0013935045428155287,0.010489193557931025
CNN2,-1.0725996457835458,0.0001374697509268181,0.002593201356015821
COA7,1.185301685558896,2.6242982485107943e-06,0.00014903653571635242
COG4,1.0258904053814384,0.0004605529153059414,0.005909557341824653
COL12A1,1.0397370901478291,1.2127069437795222e-07,1.690466231306169e-05
COL13A1,-1.022738913738049,0.003505286368533216,0.016262801485477103
COL17A1,-1.6072860389252694,0.00033087039042027823,0.004751033224850912
COL4A6,-1.197507506001922,1.6517000821389887e-06,0.00010440884476378412
COL7A1,-1.5220358319662748,1.3987303280947814e-05,0.0004851635177453891
COPZ2,-1.1449764598790393,0.0009664811538545676,0.008877813833887891
COQ10A,-1.203908148465367,2.40494687145864e-05,0.0007261180659578429
CORO1B,1.0295712728402238,0.0006968815987991548,0.007632631266031355
COX16,1.0284126814349945,2.9703550004349546e-05,0.0008445643813819493
COX3,1.5500523264401473,0.00010193333247734158,0.0020840027126581826
COX5B,1.3056301680059343,2.748372565732823e-06,0.00015375387870755758
COX7A2,1.0719506967208343,9.663653275407764e-05,0.0020140742219726068
COX7A2P2,1.1806098598211012,6.961641095001008e-05,0.0015833051178307822
CPA6,-1.0395912480696259,0.003720702360587158,0.016864931920338794
CPAMD8,-1.366986114997748,2.5317108233236543e-08,5.225791946566239e-06
CPLX3,-1.696341710104631,4.147862650901007e-07,4.00922983828823e-05
CPM,-1.3600562912400775,7.246655308416605e-07,5.7634607615347845e-05
CPVL,-1.0709599837157735,0.0003953081415396562,0.00538798722186146
CPXM1,-1.1994600677236609,0.0041904241987635645,0.018063420938726392
CRACR2B,1.542694692629113,1.6237166051430537e-06,0.00010312522000770987
CRAT,1.0011253822529964,4.4426986380287916e-07,4.2128620936414266e-05
CRB2,1.0318367717701948,0.0028659941774979393,0.01448602665189373
CRCP,1.0522885617741404,5.72245488851419e-07,4.7860009528989806e-05
CRELD2,1.0067715857559865,2.107214352366309e-05,0.0006574937573001099
CRISPLD2,-1.3652446943288563,4.533641960329867e-07,4.2314648679304894e-05
CRNN,1.0194003977372539,0.0011157544592705693,0.00950849582261267
CRYAB,-1.667390547200918,4.289192304281435e-11,3.541388122923445e-08
CSN1S2AP,1.0334501437981736,0.0008958715065282411,0.008574085434971802
CSNK1G2-AS1,1.0524063923259208,0.0010984116126063646,0.00944880059575141
CSRP2,-1.3399797512197673,1.3124441482392102e-05,0.0004672344698217434
CSTA,-1.77128942085118,4.196438389360065e-14,2.2521235726098127e-10
CT47A12,1.063001852893495,0.0010931492908812868,0.009433100727602057
CT83,1.000446556937411,0.0017617336106544017,0.011460956633670145
CTPS1,1.051342563660839,0.0002529796026958049,0.003995391939851608
CTSB,-1.4080297392301657,2.649717508842773e-08,5.4172843583169335e-06
CTSLP8,1.1741945249285024,0.001291360463660427,0.010139588541842862
CTTNBP2,-1.0530126722139375,0.0009807595463910794,0.008919921676828996
CX3CL1,-1.0513628648898907,0.014000507542979103,0.041204948646165675
CXCL12,-1.10657413752533,4.301300486358732e-06,0.00021009711943720483
CXCL14,1.0353812115069374,7.559532226326651e-07,5.891286099775356e-05
CXCR1,1.0033687974696166,0.0015308707083203713,0.010849521787888217
CXXC5,1.020185588072919,0.0004054226535112156,0.005471550678328176
CYB5A,1.00545571863148,0.0006026017172587415,0.006984908782069871
CYB5R2,-1.0168306129714815,0.01623280622003301,0.04587884159307077
CYFIP2,1.069777524889928,5.580632319966418e-07,4.747783179802781e-05
CYP2J2,1.0597765938779609,3.165072444545952e-05,0.0008812530501565233
CYP3A43,-1.1412482860330055,0.003009601954086845,0.014892770170648679
CYP3A5,-1.8237400157124535,2.318703071322891e-10,1.3910597132431102e-07
CYP4B1,-1.3930470344073642,0.0002703258239391161,0.004156937294055162
CYP4X1,-1.3334336371821733,6.93234672667813e-08,1.153617730089918e-05
CYSRT1,1.0070628842789808,3.869355141339128e-06,0.00019544340428029897
DANCR,1.2636610880182038,7.410951537435321e-05,0.0016606565412747812
DANT2,-1.2193864494859104,0.0001804539732839731,0.0031519979206566726
DAPK2,1.0311534251948127,2.771263451131302e-06,0.00015452133118294976
DCAF12,1.4137654569594738,1.6937572843592407e-08,4.1302974349777325e-06
DCD,1.015125800333901,0.0017902067848413097,0.01156242718097283
DCST1,1.0439946101385866,0.003954456604516872,0.017467144018346436
DDX24,-1.0137989566879533,1.3711406805583051e-05,0.0004833214612404784
DECR2,1.3329599942500192,5.805154594776582e-06,0.00026180515480266574
DEFA4,1.037485030241081,0.0011485655287045912,0.009627866178062765
DEFB1,-1.4959001685169264,0.0005315444495246507,0.006505510090048846
DEFB118,1.0276638778193319,0.002038662565707294,0.012306042961028467
DEFB121,1.0037920235101065,0.0052736276019677945,0.020952982367470414
DEFB123,1.0305474986935212,0.0013283714562187562,0.010239192118724611
DENND2A,-1.111033311531259,0.0016346502498458277,0.01110827379342842
DENND2B,-1.056416365316374,8.320709391619914e-05,0.0018084943620539783
DENND4B,1.0146275519186032,0.0030411926380102257,0.014968734431893909
DGKD,1.077674975712804,0.0005251873851608133,0.006457157844929656
DHRS11,1.1411695810035667,0.0004104437593065836,0.005499997616126361
DIAPH2,1.0305047516445114,0.00042137963778647,0.0056033872257425935
DIPK1B,1.2252856639332228,1.5249201398236891e-05,0.0005130949943823688
DKC1,1.260257118726411,1.5274930341786908e-06,9.876714748407818e-05
DKK3,-1.0482384032599306,4.297020913572397e-06,0.00021009711943720483
DLGAP2-AS1,1.0193609758820443,0.0008373779832369413,0.008347310076637506
DLGAP3,1.186488875049136,0.0027278400656843183,0.014151411959894939
DLK2,-1.3067470320227201,0.0010414620883046097,0.009215608676683864
DLX1,1.1937464712577077,2.9644409381526296e-09,1.1784750670244908e-06
DMKN,-1.7352114333373883,6.854955919659875e-05,0.0015671495072134029
DMRTA1,1.033162042881998,0.01267385070441564,0.038329248771234774
DNAAF9,-1.2745279320708391,1.7123793343877498e-08,4.1302974349777325e-06
DNAH5,1.3285260252176159,9.869910322984739e-08,1.4465458412295753e-05
DNAJB4,-1.0488070235074194,3.204793980508755e-05,0.0008897191743557518
DNAJB8-AS1,1.0332500455825415,0.0009048388305763225,0.008613824911743643
DNAJC10,1.015907881789198,8.052857007861278e-06,0.0003275526921479401
DNAJC5,1.2804581506569201,5.7031360044518416e-08,9.953595171346966e-06
DNER,-1.4599172466128039,0.00011297323128838928,0.002239331815390446
DNMBP,1.1546296988485376,0.00010220450535850022,0.002084547666307756
DPH2,1.4618173325624637,4.812987571930655e-06,0.0002296008982369675
DPP10-AS3,1.0191244005891575,0.00056452282002239,0.00672508955461745
DPT,-1.441040113969182,1.031180134286735e-07,1.4956989150495502e-05
DPYS,-1.5783161632326577,2.1509187566705064e-05,0.0006677199492262273
DRAIC,1.2747802579046326,2.6959543130468658e-06,0.000151900396950596
DSPP,1.0651932268306408,0.003925789875980817,0.017394206659995914
DST,-1.0107518330767602,5.187276263015993e-07,4.545112634210788e-05
DTD2,1.0069805287989062,6.087917176122948e-07,5.026512231531974e-05
DUBR,-1.1942976305555963,1.3581710302636624e-08,3.5555923788622003e-06
DUOXA1,-1.2012673451056353,0.0031981034996870785,0.015392199839605833
DUS1L,1.6606192771477872,9.905540534809128e-08,1.4465458412295753e-05
DUSP10,-1.1117969898429925,0.00475699148190395,0.019634605017206045
DVL1,1.6894666532184046,2.3908421988222988e-06,0.00013908999859652652
E2F3,1.3546144876476656,3.170854167507014e-06,0.00016932519008426136
EBNA1BP2,1.3188325930941807,3.600611025378815e-05,0.0009626763086761827
EBP,-1.0517642083711747,8.44367300200508e-06,0.00033745942192383595
ECI2-DT,1.0548360318586774,3.340623615985651e-05,0.0009123812616331294
ECSIT,1.325357611903509,5.209951748233453e-06,0.00024303738214698564
ECT2,1.0474914553736743,5.226737542797375e-08,9.196915969773054e-06
EDN3,-1.1761308205896148,0.0003055975474622908,0.004498918061128201
EEF1AKMT1,1.0386611327899,0.004292337497616235,0.018384093027162155
EEF2,1.34514029889896,8.276844729664598e-08,1.3259628791918652e-05
EFCAB7,-1.1258134443737957,4.910507954479265e-06,0.0002332165359708106
EFEMP1,-1.2406751818909623,2.7575483606458496e-08,5.532363612895743e-06
EFHD1,-1.3811256134879326,0.00018695341502771593,0.0032313437684379854
EFS,-1.3349925615815992,1.1098183757826354e-06,7.811301991123224e-05
EGFL7,1.0188499784317782,0.00014602839638400944,0.00271645717952819
EGFR,-1.0002560500385582,5.934934673677792e-06,0.0002665381645184962
EHD2,-1.1410839300613547,1.4906516996594597e-05,0.0005071286852074425
EI24,1.127555633473045,7.83908634350725e-06,0.0003222604240702208
EIF2A,1.0603837554983202,7.027561275378811e-05,0.001589680272903656
EIF2AK3,1.0786190202641546,4.472605911491438e-05,0.0011203434200931937
EIF2B4,1.290762602068035,5.154958962410504e-05,0.001249001174334834
EIF3D,1.1462480548762815,0.0005607040698731415,0.0066981826755518805
EIF3J-DT,1.4275958120397134,6.79526330666939e-06,0.00029267828427019646
EIF3L,1.0993148258037413,0.00022325463452769716,0.003652901859303411
EIF4EBP1,1.118459969323455,9.632152013329948e-05,0.0020133730016568064
ELAC2,1.004121718924638,5.744980076536068e-06,0.00025963681537473636
ELF1,-1.0384835227993057,1.5145999675222086e-05,0.0005112251179685418
ELF4,-1.2855307114207493,0.00012073657946764264,0.0023626728818886824
ELL3,1.415287351751634,1.1616687858765394e-09,5.421205179654711e-07
EMB,1.1892654337686468,4.029348669164711e-05,0.0010396397581846017
EMCN,-1.1159607006278551,5.062324926764167e-05,0.001233517925117439
EML5,-1.1038507663813673,3.301526374967077e-05,0.000904490773071276
EMP2,-1.2088549521568215,2.2966318004609916e-05,0.0007013057590397739
ENOX1,1.0524111635777755,5.978645190354621e-06,0.00026682656195705333
ENPP2,-1.15751335566464,0.00020895140845602947,0.003471795576877387
ENTPD5,1.3524824256402876,2.8927622582831315e-06,0.00015882078618558563
EPAS1,-1.104187665758212,2.4176282095673846e-07,2.709894315018694e-05
EPB41,1.0790747171164286,8.132156369983628e-07,6.239437010838133e-05
EPCAM,1.554557720656633,2.2824597350446197e-05,0.0006979709847892145
EPHA2,-1.0854444974413417,0.0010231741143572751,0.00914424592544031
ERGIC1,1.0247286031245997,5.053078199094039e-07,4.4824144504112286e-05
ESRP2,1.2919536029215115,1.2588398502250542e-05,0.0004549413310569232
ETS2,-1.401172829175095,9.20105131902819e-07,6.810998919502695e-05
ETV5,-1.2977705667177388,0.00023462379729421187,0.003764326649114235
EVA1A-AS,1.026067213294241,0.002554292024722289,0.013711674642338929
EVA1C,-1.6005774139110178,3.440957654163387e-07,3.534308036455762e-05
EZH2,1.4249030362134076,2.6945822241560957e-08,5.457037415656501e-06
F5,1.1580069265745103,6.758756468315505e-08,1.1424427173647948e-05
FADS1,-1.4673674853154528,3.2249926253164835e-05,0.0008921509882431567
FAM107A,-1.6097728051330193,6.905450727453631e-07,5.5313175659047425e-05
FAM136A,1.340048487651702,0.00029744345802785,0.00442189661598605
FAM181A,1.055363042952519,0.0019141324868607397,0.011941494360778697
FAM184A,-1.0057178614374762,0.003567832965082713,0.01643576615052159
FAM201A,1.0230338951057063,5.280463600694052e-09,1.691876300240287e-06
FAM222A,1.4119770334632853,2.896507345110101e-07,3.110211515875336e-05
FAM83B,-1.5447251253845067,3.90554630284205e-06,0.0001968083626364091
FAM83H,1.2615625205347527,5.752029840443178e-07,4.7860009528989806e-05
FAM86DP,-1.0430527557197637,0.000539695676853426,0.0065566763412634385
FAM8A1,1.322871892570686,0.0007276072729577867,0.007820705264897277
FAM90A2P,-1.166257876220962,0.010895380283469201,0.03430997924970417
FAM95A,-1.1821881306525404,0.005907057183425853,0.02263106126508774
FARSA,1.0356865637338617,2.5732791225299964e-06,0.00014730822112893715
FASN,1.0178047560750612,7.002984720166608e-05,0.0015896735413556378
FBP1,1.5827813071397463,1.799833730155907e-05,0.0005810079802294264
FBXL19,1.0389857996314633,0.00026266127128435465,0.004100763280480903
FBXO17,-1.5824053488100744,1.9559970823191142e-05,0.0006193125275242541
FCGRT,-1.005126598575703,0.001759662098519091,0.011457284279317357
FERMT2,-1.0234605770552287,1.9252857040025685e-06,0.00011645184652975115
FEZ1,-1.1685990441537517,0.0001655353326493311,0.002961289154985992
FGF1,-1.087816947143637,0.01658118246638191,0.0466328106911857
FGF10,-1.237460456847438,0.013241895338457215,0.03958554062535316
FHDC1,-1.344514787255081,2.0236312871459867e-07,2.4277296443324378e-05
FHL2,-1.5090591447433872,3.7503200319147025e-09,1.2985180665340793e-06
FKBP6P1,-1.1886575156553107,0.006152873359211856,0.023213309736766417
FKBP9,-1.2110043431664563,2.053355802378409e-05,0.0006463253520477611
FKBPL,1.4368060001069103,9.811062062827708e-05,0.0020329543368988647
FLJ16779,1.02056439024437,0.0019177768327005087,0.011948929172814869
FLJ20021,1.0417850344759514,0.0005562925606015033,0.00666030808613077
FLOT2,-1.012538794016509,8.056450433414653e-06,0.0003275526921479401
FLRT2-AS1,1.0303198665996174,0.0009773594969803426,0.00890533799731622
FLRT3,-1.7550018151385118,1.6585184732123904e-06,0.00010440884476378412
FMC1,1.0806415213152316,0.0002802778761331139,0.00424310660574722
FMO2,-1.074414209545442,0.012087158708014951,0.037022588287305105
FNDC7,1.0155757663819833,0.0050588740605922635,0.02039415013309561
FOXF1,-1.0354705274741673,0.0007529292439005705,0.007938238506964679
FOXN3-AS2,1.0104898257325887,0.00247240774174423,0.01352923196329936
FOXP4-AS1,1.39774242358485,3.886736267614131e-07,3.898905021349184e-05
FOXQ1,-1.2251175471672526,2.849273485449524e-06,0.00015764266472202302
FRAT1,-1.0212395470102278,0.009941707573053458,0.03224333531813546
FRMD1,1.0184198253294623,0.0009881333638327504,0.008958824736036375
FRMD6,-1.369965513519116,1.3943504116244729e-06,9.125768379982488e-05
FRMD8P1,1.0283562220431173,0.0023983892982774617,0.013314254736519851
FSCN3,1.0307301005352065,0.0011389350886312642,0.009595142144112261
FSHR,1.0876515065687904,0.0013497404186718304,0.01032972462304035
FTH1,-1.0045330270556505,2.307557868403842e-06,0.0001353452042650964
FTSJ3,-1.2226100448917254,0.00017703390062167847,0.003116294950613814
FUCA2,1.2201650189247664,3.7897969635856655e-06,0.00019232995606925174
FXYD6,-1.1953638394031065,0.00019938907900250437,0.003362360847562263
GABARAPL2,-1.1741953641663347,9.700507392286547e-05,0.0020197942986441833
GABPB1-AS1,1.1315715023198907,4.834207657678351e-05,0.0011941994912241791
GABRE,-1.667551324030194,2.6959071078680186e-06,0.000151900396950596
GALNT17,-1.1072679065042943,0.0012474036710482682,0.009994239017299456
GALNT7,1.2726161881740934,3.83686310962125e-05,0.001006918586482144
GALR3,1.0004885302898492,0.0017473982181606352,0.01143640169184584
GARS1,1.1086119024482874,0.0011369542261984715,0.009586408630715863
GAS1RR,-1.3376791458090471,0.002592616661424916,0.013817205032474845
GATA3,-1.0436517476447502,0.003988756823085778,0.017553637294215333
GATD1,1.2367265688871445,0.0006041669156453274,0.006995496859848028
GBP1,-1.0227642260763206,1.1623403980207134e-05,0.00043060955008195995
GBP2,-1.1385502617534444,0.0004589288802246997,0.005904466558447867
GCDH,1.0330310726573655,0.0002449892507608534,0.003889360014689791
GCM1,1.0055769593624788,0.0011015749137493983,0.009459003469383333
GCN1,1.332059924208456,7.2615479548156164e-06,0.00030625471502166373
GCNT1,1.2530320610514205,6.746476094731506e-06,0.00029198911759193796
GCNT2,-1.6026232636226145,2.0857738096430392e-13,6.396472338801017e-10
GCNT4,-1.0094518117799425,0.01752619818043051,0.048495074231024164
GDF15,1.3109176646281988,1.6541880860305747e-06,0.00010440884476378412
GDI1,1.1763229119920597,0.0005279205786870728,0.006479628966652598
GGA2,-1.4579959024968077,1.2368855877616697e-11,1.327611145623988e-08
GGCT,1.3125303330672118,0.00014017746955896656,0.0026350172846079994
GIP,1.254119297420285,0.002592154556758266,0.013817205032474845
GIPC1,1.0418316972883241,0.001835119459147948,0.01171061516930113
GIPR,-1.0954531367976632,0.0007234454462716417,0.00781578603855304
GJA1,-1.5319425948875716,1.1163898764456985e-10,7.730819831503164e-08
GJB1,1.749999887862776,1.2733630923069197e-07,1.752261891189272e-05
GLB1L,-1.0166051163538192,0.00039949598379191326,0.005427835622823419
GLRX5,1.170119862757261,7.691530447931764e-06,0.0003187530581578208
GLYATL1,1.5059687495537457,8.655069170818077e-11,6.406840341032817e-08
GLYCTK-AS1,1.0159326298510434,0.0024466606941142416,0.013450055088489225
GMDS,1.2197198070294832,1.0780157197619663e-06,7.637545695092453e-05
GMNN,-1.0557745220631642,2.347661419840592e-06,0.00013694904266227715
GMPR,-1.0608416020612268,1.057326766510099e-05,0.0004017280300295981
GNAI2,-1.1083256566583195,9.738287009685447e-07,7.062561055301267e-05
GNAL,-1.195119925840929,3.126721764612651e-05,0.000877454489277706
GNB2,1.4067090257104644,0.00013009227935791189,0.0025089057755807967
GNL2,1.292274317180022,6.378368281348251e-05,0.0014802641286021936
GNPNAT1,1.1662823377836191,0.00014756263102659419,0.002733155306512422
GOLM1,1.1519429499990221,1.8645597622594016e-08,4.350707001785062e-06
GOLPH3,1.53620054529078,7.410904722778913e-07,5.848893076613784e-05
GPC1,-1.1548767766805499,8.770130442155655e-06,0.0003480007212601764
GPD1L,-1.2287949727042826,8.231318236385914e-07,6.288317031334391e-05
GPI,1.6038727750393684,1.3545725842509924e-07,1.8232174809408154e-05
GPM6A-DT,1.037161953176164,0.0008407031138527384,0.008358930240509968
GPM6B,-1.1397950620526112,1.1257892592964859e-06,7.872090563295656e-05
GPR160,1.2551960499893258,5.611181136889123e-05,0.001336905943014415
GPR199P,1.2301290191691379,0.0006319862578135101,0.007170639004483415
GPR32,1.0722903051369046,0.0010558614744565912,0.009293226023845693
GPR75-ASB3,-1.5016242989060369,2.477934447951974e-07,2.7561564142064785e-05
GPR87,-1.1634589670958584,0.003518408975889845,0.016299025784511718
GPR89A,1.196056013607035,0.00015379218118540713,0.0028120973435453813
GPRC5B,-1.1209437062291816,6.8469097552784896e-06,0.0002939652234331267
GPX3,-1.5426181061108082,1.6093754741915196e-10,1.0796394782646672e-07
GPX5,1.003342247165352,0.0011817937806616707,0.009744133445929896
GREM1,1.1263780063349795,2.5804241419604918e-05,0.0007630022734912655
GRIPAP1,1.0307184491456487,0.0014413466362235648,0.010592738185488278
GRK1,1.0561433045305975,0.0006816432058699761,0.007511722125467545
GS1-279B7.1,1.0628288754726,0.00037161642410804617,0.005160083943290703
GS1-600G8.3,1.0362394322694253,0.0034833949392101713,0.01619273260286374
GSK3A,1.0013803949244913,0.0007261769154631095,0.00781578603855304
GSTM1,-1.4575022397218371,3.005162912539397e-08,5.973317800322522e-06
GSTM2,-1.5260052213595416,5.24265432976531e-09,1.691876300240287e-06
GSTP1,-1.4754266371693936,2.6015833376192275e-06,0.0001481384337100052
GTF3C1,1.0153849159203299,1.425924468286689e-05,0.0004921273402043465
GUCA2B,1.0187639831115092,0.0003446363297185553,0.004915819328948987
GUCY1A1,1.3307403520744852,1.558545792915287e-05,0.000521954797761505
GUF1,1.044088046484371,6.251673476583782e-06,0.000275009578938164
H2AC25,1.6240401511317495,3.572172157697666e-08,6.726650851692614e-06
H2AC7,1.0380515067967226,2.6004422195894054e-06,0.0001481384337100052
H2BC12,1.1261888500244066,5.337725564153794e-07,4.6333505245133544e-05
H3C10,1.0487845766764927,4.429356158347856e-06,0.00021415537984516538
HACD1,-1.1788029661581745,0.0003208221973251423,0.004662673200977779
HAPSTR2,1.0307276629364464,0.001201845275940362,0.009805500511325036
HDHD3,-1.0002507815966752,0.0010664804629828277,0.009321330714313965
HENMT1,1.0101131293394416,4.067444512112417e-06,0.00020258893582718622
HERPUD2-AS1,1.0843765056824644,0.001073470982899806,0.009348560482722165
HEY1,-1.0983493275614484,0.000256556722691177,0.004031847120066981
HEYL,1.0428511178085944,6.929072077157094e-05,0.0015790487290905663
HGSNAT,-1.308647347942392,4.6019399559690356e-08,8.232487086232275e-06
HIPK3,-1.0256637881338757,7.554909020951957e-07,5.891286099775356e-05
HK1,-1.2590505293776293,4.164802971716007e-07,4.00922983828823e-05
HK2,1.0671269900471922,4.0092028660570155e-05,0.0010356866176371353
HLF,-1.4672573816709222,8.85902805935406e-08,1.3681780960442706e-05
HOMEZ,-1.0534013889951597,0.012219135253720693,0.037291466660736725
HOXC4,1.6215372371102323,6.408988726220484e-12,8.093044763869126e-09
HOXC6,1.5278910073820644,1.119416893145743e-11,1.2647643392189298e-08
HOXD10,-1.3374764596714976,0.0007077159449421771,0.007715865002576798
HOXD11,-1.5113876280415874,0.0016801513512738372,0.011232578342508709
HPN,1.8592959515888436,1.2976845396788724e-07,1.763126203372554e-05
HSD11B1,-1.004336059971882,0.011038411851930692,0.03456595335443364
HSD17B10,1.1517876742396314,1.7085050387186783e-05,0.0005590926473502114
HSPA4L,-1.1979412198736616,0.0019169955359615459,0.011948929172814869
HSPB1,-1.3238989156618288,7.5538738953341525e-06,0.0003160994364739537
HSPB6,-1.3909289475201514,3.386733276441597e-09,1.236806414101057e-06
HSPE1,1.054238536759956,9.830779614414346e-06,0.00037888212923273387
HTR3C,1.0885018033403864,0.0006561465785237214,0.007366892573833017
HTRA1,-1.1179631802117258,0.00014168055608185711,0.0026516621599034238
HYI,-1.251714686084539,1.3996287454872208e-05,0.0004851635177453891
HYMAI,-1.0852979724556566,0.0038080332890024064,0.017080902480512004
ICA1-AS1,1.03088959859519,0.002373036211522456,0.01324888643764696
ID4,-1.2447927544857118,1.4407623387979076e-06,9.400864780235466e-05
IER3,-1.1910933631213203,0.00012906651949417427,0.002496099976559855
IFI27L1,1.066903941661672,0.0012239254118931475,0.009894790669498414
IFITM3,-1.1244317191659943,8.989048132011451e-05,0.0019086834446082079
IFNA21,1.0160398137413356,0.0008480829971649315,0.008389768525409947
IFNA5,1.0152444929519753,0.0015273234350791976,0.010838694935816573
IFNA7,1.035436764806167,0.0013868723428258677,0.010483094571634825
IFRD2,1.3719790731064072,2.0243331920413022e-07,2.4277296443324378e-05
IL12A,1.0314949086459513,0.0010351981904994216,0.009197770382723083
IL36G,1.0669677029489515,0.001441073012772053,0.010592738185488278
IL9,1.013384077718821,0.003404922113755948,0.016000121108257343
IMPDH2,1.0199146785750208,5.4430323801056415e-05,0.001305537163170143
INHBA,1.131782597449023,1.2500897593900243e-07,1.7313339912790743e-05
INTS13,1.0404840685809922,0.0009781512406163533,0.008908770760420558
IRF2,-1.0980524577735347,3.333811413418848e-05,0.0009116806319982472
IRF6,-1.297128933700568,1.7969416557347985e-06,0.00011084754748177849
IRGC,1.0328548504237043,0.0017644509532690133,0.011474543657626752
IRS1,-1.2087692932973546,3.360290990814167e-05,0.0009165368401819647
IRS2,-1.064789094475036,0.0010155912900004704,0.009087827520817047
ISOC1,1.1492337806229171,7.51515583158879e-06,0.00031509345749358703
ITGA2,-1.0206148328727083,0.009570912868961334,0.03139171681558334
ITGBL1,1.1218702306838857,1.594802139394322e-08,3.980885758881153e-06
JAG2,-1.272911990968663,4.5724942736311665e-07,4.249252578876201e-05
JAZF1,-1.1275191425224342,1.140005014836255e-05,0.0004251737995049245
JPH4,-1.1078211158962767,0.0007074083339488993,0.007715865002576798
KANK4,-1.66973015444594,0.0002649235087231633,0.004118902466297597
KCNA1,1.0536481437046459,0.0012506957431571897,0.009995787609216452
KCNG4,1.0811825302454903,0.010267804197290271,0.032962307866491736
KCNJ5-AS1,-1.623977716122993,5.3996910407533205e-05,0.0012980421900543285
KCNJ8,-1.1586686429359694,1.4246006534064827e-07,1.8707407687277725e-05
KCNK3,-1.2107045133926004,0.0001351409214052162,0.0025695927013337254
KDR,-1.1438569035188195,1.0329047702695427e-05,0.0003959529768460049
KIAA1210,-1.4038750113891882,3.992807563985614e-07,3.968222221114777e-05
KIF15,1.0322589991514644,0.0007261981823014151,0.00781578603855304
KIF1A,-1.1579510381008964,5.1353707593256586e-05,0.0012456610631688579
KIF22,1.0168983488205148,0.000326552395278125,0.0047093608520372785
KIF2B,1.1108831827594294,0.0014126298787610206,0.010512476641757423
KIR3DL3,1.030819092199876,0.0009566629580073915,0.008840587051030854
KIR3DS1,1.0801280798156558,0.0013636109287683104,0.010384612545850784
KIT,-1.1101456385400899,0.0018537944367525087,0.011756397392545376
KLC2,1.3195764234986975,0.003539109518926875,0.01635257512759432
KLF10,-1.017034903582434,0.0005920066057333932,0.006922864152465957
KLF14,1.063783061835934,0.0011887519347687917,0.009766145343927154
KLF8,-1.2513809790877988,0.0016432755235026404,0.011127777909294853
KLHL15,-1.0936029521965942,0.00032978575898930833,0.004738628439239279
KLK1,-1.264456467099874,0.0024582839560959306,0.013489770369506989
KLK11,-1.0163114902456758,9.609543961817527e-06,0.00037169023464565196
KLK6,1.0216939425814533,0.0013458712989623171,0.010315600405272272
KMT2E,-1.201134171253102,5.634914901447375e-07,4.7623904798964885e-05
KNSTRN,1.0739203693762902,0.0001310412628581245,0.0025155833895947996
KRT12,1.0479534554763057,0.0006856482175928681,0.007539687821803047
KRT14,-1.8173166149956748,1.1100969576604453e-05,0.00041661628304365
KRT15,-1.8447959428894496,5.685444640732089e-11,4.5203496334294725e-08
KRT17,-1.821288313303926,2.3327968359226706e-10,1.3910597132431102e-07
KRT18,1.3786851931447397,8.668042019867672e-07,6.483514217439e-05
KRT222,-1.466167351900069,0.0008143393094440505,0.008230424649640035
KRT23,-2.0427657153893906,6.480544931564845e-10,3.3123299534738695e-07
KRT32,1.0436983692903261,0.0019124610242863885,0.011938005469135185
KRT5,-1.8380879320867347,7.065060660326016e-14,3.0333131439043716e-10
KRT71,1.0520937537076698,0.0018451481015842738,0.011730984275493996
KRT84,1.0582378358597742,0.004407198294020446,0.01872710328142061
KRTAP1-5,1.070500378735221,0.0016699735076962578,0.011215559069728409
KRTAP10-12,1.15550333366786,0.0012463916172300027,0.009991145947377322
KRTAP2-2,1.0820483495084385,0.0010533288633156393,0.0092792927896484
L3MBTL4,-1.2105502642221166,0.006219183125429795,0.023349974734328777
LAMB3,-1.953354111389808,1.8655348444642664e-13,6.396472338801017e-10
LAMP3,-1.1532719131012308,0.00828661907426017,0.02833527423815595
LAMP5,1.0517513445815436,2.5504903866967565e-05,0.0007614934232436616
LAPTM4A,-1.2710875637875736,0.0007454287989479633,0.007917921834248356
LARGE2,1.0206183587780333,0.0015355326708686127,0.010855381256593263
LARS1,1.1528990153573697,2.111310043423652e-10,1.333043903005163e-07
LCLAT1,1.1347599589863715,3.148352090445433e-05,0.0008800218011144807
LDHB,-1.0605792771492362,1.7773736191665149e-06,0.00011059385357289153
LENG8,-1.3311325992740022,5.451549385385408e-06,0.0002489966184171671
LGALS14,1.0554839071211723,0.0009669164899010329,0.00887801381039584
LGALS3BP,-1.3073977434802875,4.385869889154389e-08,7.978938043260786e-06
LGI1,1.0110740422992697,0.0006119378056299275,0.00705503161839831
LGR6,-1.5543077093497928,4.2322805239070646e-05,0.0010803135078087153
LHB,1.0039313752504302,0.002082483949635793,0.012439114799620225
LHFPL3,1.0303447083845416,0.0025496418453342905,0.013696987360808611
LINC00028,1.1664288767839468,0.00045519036627300044,0.005861770601549191
LINC00163,1.0891796289663098,0.0005552492320264326,0.006659308610485266
LINC00462,1.0138095478929827,0.0005337646671610916,0.0065148259758528145
LINC00466,1.0155941415243361,0.001320424679660948,0.010210002554355167
LINC00523,1.097172251285839,0.003981462702987725,0.017543115731740045
LINC00543,1.0009442674284228,0.0015948434758802014,0.011008522474829674
LINC00555,1.0285346659960402,0.0018985363807364505,0.011889113327091418
LINC00561,1.0235043535794437,0.0014978417865807012,0.010758375230346479
LINC00582,1.0532065173793057,0.004182622591946472,0.018051036337807524
LINC00671,1.0409577383733706,0.0022044106699179618,0.012749565543210573
LINC00836,1.0489840800640624,0.001094964847434263,0.009438227749440418
LINC00844,-1.7587243952668512,1.3011960070597288e-09,5.819328059073166e-07
LINC00856,1.065510197944151,0.0014837999054365455,0.010723797556974555
LINC00865,-1.237047875279581,4.044933671712054e-05,0.0010424080567904281
LINC00928,1.0806682249932704,0.0008884743777368887,0.00855286074747883
LINC01023,1.2327461244050235,0.00017967543185572275,0.0031445896919094917
LINC01102,1.0108043363165682,0.0013939712206184423,0.010489193557931025
LINC01111,1.0325833561883093,0.0016050416353125489,0.011022210104048141
LINC01141,1.0267002219070527,0.0018765073864342766,0.01182801893029672
LINC01226,1.0267744635037497,0.00040792788687050833,0.005488026095812504
LINC01267,1.1045897181066584,0.004505714961194489,0.018998767377737657
LINC01346,1.0296725882648046,0.004692507105457088,0.019471603359336644
LINC01398,1.0538220636204279,0.0030415810123408595,0.014968734431893909
LINC01426,1.024236100131136,0.0015593407623418077,0.010931397663849127
LINC01428,1.0170878011860345,0.0017382473552888635,0.011404326398528739
LINC01449,1.0358713881398778,0.0006799714828892634,0.0075097483349031635
LINC01487,1.0093544134233157,0.0007756822703073988,0.00804423734139562
LINC01503,-1.3965228247425325,0.00020432718158345479,0.0034267552712154785
LINC01558,-1.098522300543054,0.01722748372009073,0.04791066109848266
LINC01722,1.0073108031219418,0.00213585858946431,0.01255145807282517
LINC01812,1.0525832243246744,0.001695708221588227,0.01128700400155507
LINC01859,1.0247153033779357,0.0013032716227006755,0.010173575245278326
LINC01898,1.0410836460007458,0.0037068696847407964,0.01681288221473287
LINC01924,1.0146757094265157,0.0005533122093779117,0.006654771482914324
LINC02026,1.0225638360345684,0.0012827438625658972,0.01010149027795382
LINC02067,1.206721592711296,4.121955094229827e-07,4.00922983828823e-05
LINC02097,1.069898403406064,0.0011553163044206367,0.009633399436874062
LINC02149,1.0365066714216737,0.0006019918094142905,0.006981608953374703
LINC02179,1.0361043537904078,0.0013636848542764876,0.010384612545850784
LINC02186,1.0653644049081061,0.0009685938551602893,0.0088864308256532
LINC02204,1.0260370673997867,0.0015318645945812067,0.010852000432988243
LINC02243,1.0027026778990926,0.0010106654448923957,0.009057595484733715
LINC02254,1.010138479436971,0.002444264978252011,0.013445086358263953
LINC02269,1.1417344671374439,0.001009727342859486,0.009054225926969334
LINC02314,1.1062020997007118,0.0008229742950691922,0.008270004582367126
LINC02380,1.015351408410584,0.0017161428386967294,0.011335519482554674
LINC02424,1.039264931865514,0.0010383226828560503,0.009203002903745183
LINC02475,1.0305589073220545,0.0016516647013901772,0.01114977551721476
LINC02478,-1.3787986922922923,0.0005496051373788312,0.0066459187565725275
LINC02525,1.0480885199707444,0.0004831801003395284,0.006090679514966915
LINC02562,-1.647205283761004,7.4359395299930455e-09,2.1866755327446673e-06
LINC02582,1.180052679658088,0.000682001329122111,0.007511812484486586
LINC02754,-1.3671537157569993,1.533974554600033e-07,1.9718462133891562e-05
LINC02757,1.0314336146487193,0.0026111584207198614,0.013864392237841519
LINC02837,1.0446749851538142,0.0017790191477989078,0.01151398189517154
LINC02873,1.0340364886560478,0.0007175362196544118,0.007778741419404285
LINC02915,-1.3561440383113044,2.1150849321204135e-05,0.0006580366411279554
LINC02961,1.01254780828365,0.0017455283883061018,0.011434622493673203
LINC02984,-1.2331500546248242,4.1498767078222475e-08,7.679776145415535e-06
LINC03105,-1.4744372138423185,6.356300397612823e-07,5.188239567891805e-05
LINGO1-AS1,1.01724225533395,0.002165523327353587,0.012627420406562331
LIX1,-1.1426725123137038,0.01028969417923325,0.032986908272347924
LMAN1L,-1.394733216573035,0.0015981850797469144,0.011018093326500281
LMCD1,-1.1810132224140069,8.349237427209967e-05,0.001812265721434948
LMNB2,1.0983516727637719,1.608781162311727e-05,0.0005354372900983851
LOC100134040,1.0276055068886691,0.0008322729905063243,0.00832407547820667
LOC100420872,1.0740814906545821,0.0002534736666108302,0.003998030272692647
LOC100506851,1.063768144550406,0.0006603486481640631,0.007394733662043788
LOC100506929,1.0434530036246745,0.002989717157957296,0.01483332385355308
LOC100507560,1.0529474518528041,0.00055331350292295,0.006654771482914324
LOC101926948,1.0496259265467567,0.001078540914233833,0.009382501928086075
LOC101927468,-1.529751289718841,0.0011291602362362534,0.009564127655499346
LOC101927552,-1.0341842834974069,0.004726061637354233,0.019551814447693838
LOC101928087,1.0171532183325387,0.0013208642510254647,0.010210002554355167
LOC101928196,1.0088689963941442,0.00195796357592646,0.01204569680758191
LOC101928516,1.0040666134171663,0.0011869271288736912,0.009758623008629463
LOC101928663,1.0135839138640175,0.0010399336560551328,0.009210259913946495
LOC101928730,1.0243129996502764,0.0018304984478651118,0.011707178808455846
LOC101928850,1.0202593591992244,0.0016229208634149896,0.011067103613382968
LOC101928893,1.0322696046092725,0.000710127297798399,0.007729553118933331
LOC101929007,1.0465838213497938,0.0015243825534149355,0.010826439139664688
LOC101929802,1.09080080407292,1.4633963779958218e-06,9.51961516558676e-05
LOC101929902,1.0299743791670513,0.0037645135363806384,0.016981476340791574
LOC102723728,1.1429052053192037,2.4919616416281432e-06,0.00014419121444968018
LOC102724517,-1.3055290787714837,0.001954026933882995,0.012033016692388482
LOC102725023,1.0496429256624251,0.001451414921922148,0.010626713550103258
LOC105370624,-1.0527455992938128,0.008518538447445918,0.028866213867611925
LOC105371215,1.1404211792080363,0.00036306063501574535,0.005080718808267931
LOC105372394,1.047573675186574,0.0013981597464257831,0.010489193557931025
LOC105372480,1.4521701359990762,2.9018549246503556e-05,0.0008294822858517868
LOC105373418,1.1423454787673326,0.002469648590838767,0.013527927098631235
LOC105375769,1.02091974020458,0.0008098783225138227,0.008204652170554145
LOC105377468,-1.635936762682011,9.22738790039959e-06,0.0003614677665289744
LOC105377938,1.0690085472663111,0.0012993221209605078,0.010170908843537902
LOC105379385,1.0173021431736617,0.0021658244252221884,0.012627420406562331
LOC105379499,-1.4024852968401023,7.149212766077521e-06,0.0003021105323806814
LOC107984399,1.063672563420123,0.0012294696080337993,0.009912431010685969
LOC114224,-1.0163235951741885,0.0005373558363073137,0.006543061677827058
LOC643406,1.0134247699061238,0.00127479715163628,0.010076508467121008
LONRF3,-1.1521713282727672,0.016033512601400714,0.045461827719251516
LORICRIN,1.0252048106853415,0.0014441341897057816,0.010598710649714193
LPAR1,-1.2245760970001363,1.2983624130015893e-05,0.0004650178955753455
LPCAT2,-1.1769411430603098,0.0005059235921507356,0.006302796665634421
LRBA,1.1591691962700108,2.6960968286809504e-05,0.0007906709101269668
LRFN1,1.0249290479255935,0.0014609097534892643,0.01065780428477166
LRIT1,1.0093582249571054,0.0016916242743722136,0.01126717291279811
LRP4,-1.3000498948253427,7.664691143249446e-05,0.0017032911467094807
LRRC8D,1.322466569005839,0.000409478074552855,0.005494911684845725
LRRFIP2,-1.0279956736223475,0.004008109728733814,0.017609924589997702
LRRTM2,-1.0361070514272985,0.001491357019657644,0.010737595255709956
LSAMP,-1.6942727640818074,1.5107495358630055e-09,6.486252057274229e-07
LSAMP-AS1,-1.5334493893173895,1.3091956286144434e-05,0.0004668522019844893
LSR,1.0726580714695777,0.0005177875688018144,0.006388129735326752
LURAP1,-1.7056330754844449,2.531053219208067e-05,0.0007567426108181
LUZP2,1.3830239876054597,5.441990209803637e-07,4.6821431241688183e-05
LYAR,1.025419104109385,1.0938548279802526e-05,0.00041196108056582606
LYPLA1,1.0553695666381202,5.505587671234859e-06,0.0002503992596152515
MACIR,1.3108050746617035,2.257064857905488e-05,0.000694652819380689
MAGI2-AS3,-1.3041496724709964,4.38318640876772e-05,0.0011082904904242243
MAL2,1.351308376080357,6.618997619345754e-05,0.0015294943153336415
MALL,-1.1957879673247114,4.063227869938494e-07,4.00922983828823e-05
MAML2,-1.285617158169132,8.592448255941483e-05,0.0018458771311472368
MAN2A2,1.2238365606742756,1.1906113759813e-08,3.215857822383477e-06
MAN2B1,1.5144140108111401,1.0805371153258168e-05,0.00040909859355730703
MAP3K5-AS1,-1.6514601426819329,1.1425481694514171e-05,0.0004251737995049245
MAP3K5-AS2,-1.662820526593217,2.157273083097226e-05,0.0006682565840526428
MAPRE1,-1.0188196255711088,3.4067491872819186e-05,0.0009210665592365358
MARCKSL1,1.5830620364858792,1.1873660157111942e-06,8.066198183313989e-05
MAS1L,1.020424721100549,0.001249075301894928,0.009994239017299456
MAZ,1.3049425028928732,3.120806019976034e-08,6.089295430321884e-06
MB,1.1529633591701087,0.0013242376964387517,0.010225687276780823
MBLAC2,1.1207031326967483,1.1670968071137721e-07,1.6482938919941676e-05
MCC,-1.573830229335732,1.6663629717787967e-10,1.0839943610659221e-07
MCU,1.2279397242834906,5.6922142115102084e-05,0.0013487280626764862
MDH2,1.0106677160370907,1.050608518022222e-05,0.00040018573356685153
MED21,-1.271679190003686,3.6108822931403074e-07,3.691181437468713e-05
MEG3,-1.0743016627011848,2.1133672477973568e-05,0.0006580366411279554
MEIS2,-1.4676775888321483,3.3992443486263736e-09,1.236806414101057e-06
MEIS3P1,-1.1192473319062353,0.0007335943386097357,0.007849890519254457
MEOX1,1.0062761953357895,4.285866150879693e-06,0.00021009711943720483
METTL21EP,1.0167376716250036,0.0015287187944399625,0.010845012015942722
METTL26,1.2055475098748865,2.0636498517049207e-07,2.4475343296436205e-05
MFSD10,1.041012441470326,0.0005153094217446816,0.006368536186869937
MICAL2,1.159189457736178,7.127007472434125e-09,2.124937075149213e-06
MICALL1,-1.0184820764968212,0.003037213757106679,0.014960960927904792
MICOS10-NBL1,-1.576938708459226,9.529103115381305e-12,1.1364514254327248e-08
MIF4GD,1.0712204514863874,1.4876515739891055e-07,1.9312378219481935e-05
MIOS-DT,1.008643581588994,7.596773199206592e-06,0.00031727612892484033
MIR181A2HG,-1.0922970567252115,0.01352031582775045,0.04019396480741156
MIR200CHG,1.1153394173400843,0.0007703699892917582,0.008004614017486048
MIR205HG,-1.833042302785962,1.3140052862226962e-08,3.4824384542398296e-06
MIR23AHG,-1.348716684625081,7.755420072335197e-06,0.0003195501011378497
MIR503,1.0090996238157277,0.0016961790147210444,0.01128700400155507
MIR5195,1.02518447888286,0.000116437269496849,0.0022910713696506486
MIS18A,1.057492095988541,0.00013556515523469235,0.0025705539318132456
MKNK2,1.1037637454128173,2.686362333156923e-07,2.942252051320391e-05
MLN,1.0209309125351593,0.004605083150584646,0.019247920559501672
MLST8,1.004271509124428,7.883065943929187e-05,0.0017374309714407378
MME,-1.608660591862526,1.4807508641144894e-12,2.889752618176886e-09
MMP27,1.038879972461452,0.0004478612355249681,0.0057952002067597885
MOS,1.076310375650965,0.0004397454319145151,0.005728605622991204
MOXD1,1.2109543030438257,2.951296502053903e-07,3.145178354529212e-05
MPG,1.0102043973261443,0.00011756102707556937,0.002308950199662624
MPPE1,-1.2137173571065607,1.0849312214354758e-05,0.000410039058636538
MPPED2,-1.1905529842129317,2.3112701615818362e-07,2.6532639870950417e-05
MPZL2,-1.3076501669690581,2.413682260680822e-08,5.130150206934179e-06
MRAP2,-1.207230813368656,0.002494635231442997,0.013578178122055482
MRGBP,1.0826264434931727,1.5234672829224811e-05,0.0005130949943823688
MRM3,1.0586138742750921,0.0017757840845179283,0.011509890381143226
MRPL15,1.2390577119454087,2.177013326769655e-06,0.0001288295593192593
MRPL17,1.6668092085573785,2.6053711063491625e-09,1.0755673373076438e-06
MRPL24,1.4081467995088253,1.26774273889946e-05,0.0004573887962345329
MRPL3,1.326352428913197,1.957054936532985e-08,4.473852415546986e-06
MRPL37,1.1689962041175268,8.391793426752532e-07,6.344536578708148e-05
MRPL58,1.1558409207283438,0.0006088706149124935,0.007030998112063742
MRPS21,1.3172781480043128,0.00024752572475872093,0.003918609685394884
MRPS26,1.275032338260357,1.3588987606583615e-07,1.8232174809408154e-05
MRPS31P5,1.3998634901500466,8.749499740368835e-10,4.173900242811062e-07
MS4A8,1.1367707171797083,1.2268908798252997e-06,8.230520786628033e-05
MSMB,-1.3532470605389757,2.7753049351312083e-10,1.610201920066531e-07
MSMO1,-1.3759721349931393,7.675383161590178e-05,0.0017039033126148538
MTARC1,1.0267168847377477,0.003765267953109916,0.016981476340791574
MTHFD2,1.0312727486087567,0.0004811633018305432,0.006075960353174277
MUC16,1.0870346427341273,0.0016300106000176541,0.011102269397528664
MUC3A,-1.1450760567211118,6.12365712552195e-05,0.001430430332030247
MXD4,1.1177597377098742,5.430183095120847e-06,0.0002489966184171671
MYBBP1A,1.018214194613329,0.00024167313919156035,0.003845809695348574
MYC,1.2838735287951961,0.0002763327314647073,0.004208763546716316
MYH9,1.345928896466412,0.0002927757877919345,0.004370666089380707
MYL5,1.1782626304634554,0.0010091928923560032,0.009053215135899005
MYO6,1.2278892828350416,6.227946090902056e-06,0.00027452837522257584
MYOCD,-1.2067683631055746,0.002134344817055026,0.01255145807282517
MYOF,-1.4477954587423054,1.2436962169419282e-09,5.680516316828164e-07
MYZAP,-1.0765850638800805,0.00019133508674094857,0.003293817407432192
MZT2A,1.4625051758343153,5.948376839000319e-09,1.8241972228974265e-06
MZT2B,1.036522295182813,3.605495654612432e-05,0.0009626763086761827
NAA10,1.705950006334727,1.0916348911047552e-06,7.708594147153217e-05
NAA35,1.0355705659673018,0.0001837266606693766,0.0031935710320562813
NAA60,1.4532180152545329,1.1987699518999876e-05,0.00043839854441971097
NAA80,1.0491650736895555,0.010448548400799288,0.03338776250669222
NAB1,-1.1040763873587254,1.3904032520648671e-05,0.0004851635177453891
NACA4P,1.0120205667672892,0.0001177180775667374,0.0023099213630028807
NACAD,-1.2480893671427045,0.001248783850479834,0.009994239017299456
NASP,-1.1086147511190432,2.7275212667005505e-05,0.0007955868662815309
NAT9,1.1417805012643063,4.884361576878342e-05,0.0012038184841658712
NBL1,-1.4977940885924377,6.77918149386247e-10,3.3843881192731545e-07
NBPF19,1.2882601955916682,3.259270018780237e-05,0.0009004496408927905
NBPF26,1.2935221903033587,4.338286651176938e-05,0.0010995277395609837
NCAPG,1.1173996177815795,2.324414357735699e-08,4.989820301751225e-06
NCBP2,1.1547952930436851,4.4744610674535115e-07,4.2128620936414266e-05
NDN,-1.0860096512994413,0.0008393822437149771,0.008349869613451999
NDNF,-1.112920676182143,8.297668572771635e-05,0.001808386307123743
NDRG2,-1.5523851849471306,7.678077514295147e-07,5.9503714801218015e-05
NDST3,1.0355397345360766,0.0007267111814856228,0.00781578603855304
NDUFB10,1.2405231417381963,4.292897112000264e-07,4.114090281397753e-05
NDUFC2-KCTD14,-1.6319434355346316,3.125476945637045e-05,0.000877454489277706
NDUFV2,1.0132343082809128,2.0014643650090893e-05,0.0006327751918063345
NEFH,-1.4244120949334467,2.933815837296081e-11,2.6241760241347904e-08
NEK5,1.2307743438190983,4.2903985242483394e-08,7.871964540174283e-06
NELFA,1.1500747332901053,0.000755860094965819,0.007942265618517491
NELFB,1.1966701515525218,0.0001955768247000678,0.003320845321880043
NELL2,-1.0313485430271954,0.004847395755016722,0.019881361229068393
NET1,1.1978992995891566,0.0002945866537665474,0.004388543855937872
NEUROD1,1.017990129396213,0.0010407274235002093,0.009212905402176903
NFXL1,1.3734605757339262,3.730008191475982e-05,0.000985858853196676
NHS,-1.099596557960445,0.0001762357568413685,0.003108671316445076
NINL,-1.2580678504710963,1.735993785331469e-05,0.0005656374406557132
NIPAL3,-1.5787730942016704,1.6534874590692478e-12,2.957951273653295e-09
NLRP10,1.083293254742539,0.0008586656033556366,0.008414274086427503
NLRP6,1.008346359425095,0.0010867213823194243,0.00941584850822783
NME1,1.4945681392160317,1.726631930228431e-07,2.1932312216694514e-05
NME1-NME2,1.4402334539410606,3.2869118375960845e-06,0.000174222559055988
NMRAL1,1.078025500857922,7.140843009765031e-06,0.0003021105323806814
NMRK1,-1.0660045203999307,0.0003059775641331892,0.004498918061128201
NOA1,1.1804489531048736,6.4485009796150014e-06,0.00028136172871828303
NOP56,1.5048878446533982,2.487607432000452e-08,5.18460861580133e-06
NOPCHAP1,1.0204538648524037,0.0005075737271568643,0.006309256051462888
NPR2,-1.0703576793826037,0.00019890933670021067,0.0033595489621899466
NPSA,1.0427111307729235,0.0011855007691765704,0.009754367578349344
NPTN-IT1,-1.0128598070508867,2.226165347801328e-05,0.0006876128276439009
NR3C1,-1.2669532590879755,2.3641963229071842e-07,2.685301717663943e-05
NSUN2,1.5941654714361018,4.727325721813063e-07,4.355429239062705e-05
NTAN1,-1.0559682410846247,7.005315927341656e-05,0.0015896735413556378
NTF4,-1.8049759145683977,1.2917025946307163e-06,8.584823405243836e-05
NTN4,-1.4032088300998475,1.552507158117382e-08,3.920902489800687e-06
NTNG2,-1.86314944119171,2.666787579725732e-13,7.155991121746535e-10
NUAK1,-1.3390617533010962,3.110096677679051e-05,0.0008773251692475189
NUDT10,-1.177317658041665,4.212619521785541e-06,0.00020789035235441424
NUDT19,1.0175763500188073,0.0016115490435377044,0.011042171502593009
NXPH4,-1.1330272143777251,0.01092416177379997,0.03435189262213561
NYAP2,1.1549945294950565,0.0002919195516338564,0.004365719605227195
NYNRIN,-1.2661373007921168,0.0065748402568956985,0.02423250969153718
OAT,-1.2203713607020379,1.1774653014160749e-07,1.6520684722548285e-05
OCLN,1.0289494531451688,0.0007472952429501837,0.007921089937623357
OPALIN,1.0276576739300396,0.0019518545429090984,0.012023087940496304
OR10C1,1.0229607242990029,0.0011594527124735802,0.009651016432210294
OR10J1,1.1437876611745776,0.000810264963462421,0.008204697155965938
OR11A1,1.041965665612762,0.0017669666240894878,0.011487423537046952
OR13C4,1.181066896762425,0.0005525338870664248,0.006654771482914324
OR14J1,1.0471697171662175,0.0014336175409781467,0.01055762187038692
OR1D5,1.026029961429737,0.0014956116804634902,0.01074867624523259
OR3A1,1.026598525786209,0.0009655168087169298,0.008877687909799202
OR51B4,1.03717094455084,0.001491111151178128,0.010737595255709956
OR51B6,1.0013226016150947,0.0019132192128700188,0.011939266524035085
OR5E1P,-1.1668497591687876,0.01440946408148773,0.04204859184956333
OR6B1,1.2347895134083249,0.0007858338341193519,0.008106436769360946
OXER1,1.0724131953207603,0.0023730353992229016,0.01324888643764696
OXLD1,1.073633223337052,0.0002451345833081142,0.003889360014689791
P3H4,1.0626897214549604,0.0001949346299850245,0.0033204223176837447
P4HTM,1.0040784090420676,0.00010708657926999254,0.0021524602969933797
PA2G4,1.1773136287825425,1.1714906928960618e-05,0.000432102933065288
PABPC1L2B,1.1988718286662652,0.00043120395128478875,0.0056859061561612785
PAFAH1B1,-1.0605369975504493,1.6974010494709644e-06,0.00010623355197957198
PAICS,1.1927683750893954,4.960976246466532e-09,1.6384196474291853e-06
PAK1IP1,-1.6591190261865274,3.5462014877278526e-09,1.268771788950897e-06
PALD1,-1.2938614966040065,2.7220573793016495e-05,0.0007955868662815309
PALM3,-1.1681182413577105,0.017111532792931778,0.047697564542964914
PALMD,-1.1256229317902329,6.173261802684888e-05,0.0014388861142045223
PAQR7,-1.3044086461239774,0.0007156013087886609,0.007762411973605955
PARM1,-1.6067729860379494,3.332713904406173e-11,2.8617347754354932e-08
PARP6,-1.1506386717477495,8.373168889109427e-07,6.344536578708148e-05
PAXIP1-DT,1.008110150869589,0.0014311051740638894,0.010542865420436124
PCA3,1.431079526347916,1.6215768689461286e-11,1.6576376497936447e-08
PCAT7,1.1662357010066493,6.372943632955138e-08,1.0857776267353013e-05
PCBD1,1.2281164060578043,1.1829397804596518e-06,8.061640719722966e-05
PCDH7,-1.1128767739688938,0.000804813719952713,0.008179484549225173
PCDHB14,1.0436204488527911,0.0005559918731407742,0.00666030808613077
PCDHGA4,1.1111582053595448,0.00016078332583323434,0.00290778067031343
PCP4L1,-1.420167302611603,5.272479333709951e-05,0.001271733863559006
PDCD2L,1.2722648623586494,5.098868997881676e-05,0.0012396083893264544
PDE11A,-1.2619534754578892,0.0010277748561616938,0.009166282857176187
PDE6A,1.140268596888063,0.0015786532132480797,0.010985980280568866
PDE8B,-1.2723693645064773,3.148608528279355e-08,6.089295430321884e-06
PDGFC,-1.0602483867809291,0.00010544398555416749,0.0021294130177716966
PDK3,-1.1865122818028886,1.1556322782927313e-07,1.644702881963972e-05
PDK4,-1.4888058460042524,4.8306003959285687e-05,0.0011941994912241791
PDLIM1,-1.555162051445166,4.911576238269343e-07,4.451561773250694e-05
PDPN,-1.1884772308658804,3.979496333596349e-06,0.00019913251233872456
PDXDC2P-NPIPB14P,-1.1220607053539504,0.0002562654643332633,0.004030220309774478
PDYN,1.0701780058893902,0.0010851579877316324,0.009412156170761597
PDZD7,1.0186552570612921,0.0014222083656002407,0.010517750909242903
PEBP4,-1.3086800030702046,7.574393084911718e-07,5.891286099775356e-05
PEG3-AS1,-1.034318345761693,0.00020703205960905083,0.0034479109570422764
PER2,-1.04169271979265,0.000728347193323979,0.007820705264897277
PERP,-1.1203110366982068,1.4667555770217539e-05,0.0005034489506799182
PEX5L-AS2,1.0168174607230211,0.0020936359586438643,0.012467152045550024
PFKL,1.0021954901891845,5.5429056989650304e-05,0.001326527944701029
PGAP1,-1.4368120268291007,9.373556263951625e-08,1.4142554845617706e-05
PGAP4,-1.025241535667619,0.00019538143206877814,0.003320845321880043
PGRMC1,-1.2163910464705934,0.0003627733595901509,0.005080010248089868
PHETA1,1.1628318474249124,0.0009440958686641386,0.008780753168547177
PHGDH,-1.5257698279407907,4.371014886403477e-09,1.4894059772448165e-06
PHLDA1,-1.0159412557705294,4.3306455283716044e-05,0.0010988885054084307
PHYHIPL,-1.1873852224775354,0.0007564716873574924,0.007942474355299297
PIGW,1.3787447563288429,1.8931633808968007e-07,2.360904260748341e-05
PIK3R1,-1.4111435930333396,1.4615159851815222e-09,6.402931357937088e-07
PIRT,1.0639275846994554,0.0009476506213416157,0.008795164672866607
PJA1,-1.2006002164567846,2.818095845281281e-05,0.0008131191332077052
PKIB,1.0482237304142603,9.420903446794298e-08,1.4142554845617706e-05
PLAGL1,-1.0814931989064496,0.0013993256257579286,0.010489193557931025
PLCD1,-1.0694823893711163,0.0015461211235022537,0.010900026981353984
PLEKHH2,-1.1218357508698156,0.0002344023462671859,0.003764044381178232
PLEKHJ1,1.026848041527081,0.0002415393895276185,0.003845809695348574
PLP2,-1.3473836857869048,4.752525190520377e-08,8.431608121066193e-06
PLPP3,-1.0119401768685314,0.00022500052741637307,0.0036702783602182987
PLPPR5-AS1,1.0439611645025526,0.0006848233235428188,0.007535162627623625
PMM2,1.1682301578785697,0.0008556143539549309,0.008406371308547444
PNKP,1.1124116125892403,0.000398456326801113,0.005417138674755855
PNMA8A,-1.086259150015856,3.6771875413290866e-05,0.0009793819472668922
PNPLA2,1.2065515404584157,3.6895686920264395e-05,0.0009814172697807505
PNPLA5,1.078316051238517,0.0006218916795728203,0.007104922131660315
POGLUT3,-1.1421780986323788,0.0002776660572917241,0.00420950370895582
POLR1G,1.2795425015227226,0.0008532061648803849,0.008401732450223496
POP7,1.2099167204851733,0.00015087367700355873,0.002780787199167909
PORCN,-1.1506804233278067,0.011380511641405513,0.03533408681224893
PPA1,1.0153798095857676,0.0014616190345352292,0.01065780428477166
PPAN,1.4919787255298913,6.803021703005306e-07,5.469680408180333e-05
PPARGC1A,-1.7572144262999587,5.659863763529784e-07,4.76471746712525e-05
PPAT,1.1972126062753092,1.31106464345825e-06,8.686612562073535e-05
PPIL1,1.1208828652513576,0.00014097220486678543,0.002647638076881262
PPP1R14B,1.6731767742213741,4.509545825513874e-07,4.227354595471893e-05
PPP1R9A,1.4841649306342948,6.803301059804725e-06,0.00029267828427019646
PPY2P,1.1051295801388392,0.0006288972091633442,0.007154856922439512
PRAC1,1.0751325483390233,2.8353925179121056e-05,0.0008170116937183781
PRG3,1.029189169733322,0.0017316298498663632,0.011388755510747924
PRIMA1,-1.2293666877129426,0.0013876376221725894,0.0104851871999926
PRKCA,-1.1206224920545926,1.830724563222553e-05,0.0005883258113577627
PRMT6,1.0424914662085791,0.00015682468263315295,0.0028530131034626223
PROK1,-1.4122530533182707,0.0007843018196072986,0.008098416143102395
PROKR2,1.0175871950646307,0.00141770280743189,0.010517750909242903
PROM1,-1.2412454071820374,0.003313618643638722,0.015765392602613577
PRPF3,-1.0195572653883376,0.00010873317930629348,0.002171325730389025
PRPF39,1.2425289182501444,9.641953365895465e-05,0.0020134612150357776
PRR15L,1.0234656196590912,0.00048382919946281277,0.006093082733125792
PRR23E,1.0007225107411273,0.0007356412367998187,0.007864547027082523
PRR30,1.0203573930182803,0.0012538807869175584,0.010006341580951386
PRRG4,-1.203967287295653,1.81378480047073e-08,4.278738276011556e-06
PRSS16,-1.2984759025586547,0.004961156013854614,0.02017831302565688
PRSS21,-1.0615847710921977,0.01211313476966598,0.037066496480693704
PRSS36,1.054317222269169,0.00649000338929825,0.024023785407912533
PRXL2A,-1.1372199313896163,9.142199281761338e-07,6.810998919502695e-05
PSMB6,1.0277248372640206,0.0005661271027769405,0.006740460629679746
PSMD3,1.3185825219401623,1.05140333410213e-05,0.00040018573356685153
PTGDS,-1.1017503838967961,1.748869075519695e-05,0.0005679723516517594
PTGER2,-1.068410749650637,0.0033308909261194593,0.01581552317718569
PTGES3L-AARSD1,1.107569622348381,0.00556517590112356,0.021764917301770718
PTP4A2,-1.0625828251069296,3.922019950090626e-05,0.0010230133933000665
PTP4A3,1.2562407034158527,7.723077506144297e-07,5.963716000877685e-05
PTPN14,-1.116914612522105,0.00010377631156756095,0.002109626970095484
PTPRU,-1.2375417320948674,0.007056046024983324,0.025355229330150157
PTRH2,1.179713688637058,6.918134038351296e-06,0.00029643030619019416
PUDP,-1.2159736688435792,0.00040468226251836215,0.005470600837205088
PUF60,1.096198967537736,0.0002544758996549734,0.004007948743868902
PUS1,1.213147724418034,4.42759027529508e-05,0.001114268234932702
PXDN,1.0611573722750065,0.00015756053064407732,0.002861549840386132
PYCR1,1.3337245034657477,0.00016532330223994633,0.002959962743273501
QRICH2,1.0464095501690196,4.046818286284904e-06,0.00020203034453878613
RAB17,1.6979802902484724,6.0314496097626036e-12,8.092320548298363e-09
RAB34,-1.224728152983916,0.0001312281796902107,0.0025155833895947996
RAB3D,1.2035030697979299,3.303306312423163e-05,0.000904490773071276
RABEP2,1.128470302020287,4.949125380239179e-07,4.456759568504095e-05
RABGGTB,1.115963846853451,1.6959823008717135e-06,0.00010623355197957198
RABIF,1.0553232861890962,3.0235913552888266e-06,0.00016349480006041622
RAP1GAP2,1.248008485189386,1.1634300975801777e-05,0.00043060955008195995
RBCK1,1.0425596374669823,1.2089530285866337e-05,0.00044062130160728806
RBM12B-AS1,-1.213327560383264,4.8445684544407834e-05,0.0011953833449595435
RBM15B,1.1386071834733997,0.00015298965624750807,0.0028070332911668853
RBMS3,-1.0799846935460162,0.0006171994046953929,0.007084101651399672
RBMXL1,-1.0823733531993365,2.4420142144871008e-05,0.000736274145258351
RBP7,-1.3819872073337232,1.156892603421809e-07,1.644702881963972e-05
RCAN3,-1.3788523691462538,1.980791713214027e-09,8.337579550503042e-07
RCC1,1.124711127762482,5.490887739874837e-06,0.000250260906819306
RCC2,1.174667268807486,3.96354167972332e-05,0.001030088973833178
RECQL4,-1.3697708448756512,0.0013926668814038376,0.010489193557931025
RENBP,1.0144447354952137,0.0011971687954547448,0.009786604162995814
REPS2,1.2710006586255276,3.508627879508559e-05,0.0009426747770889893
RGN,-1.0624861837586832,0.001167849598228296,0.009674194209649111
RGS10,1.422263023466584,7.623769760559711e-09,2.211614397972099e-06
RGS17,1.1163658853352594,5.049899040896137e-06,0.00023799868715074592
RNA45SN5,1.570098870211569,3.263380167767229e-05,0.0009004496408927905
RNASE4,-1.4204815446126133,9.308936367433605e-09,2.6644658266626296e-06
RND3,-1.225934022378509,1.2510155681478536e-05,0.0004536780420864389
RNF144A,1.0195856228742948,8.679544662856518e-08,1.3501723570836296e-05
RNF44,1.5271667912976064,5.225642037986389e-06,0.00024303738214698564
ROBO3,-1.20234340571116,0.001407821399606904,0.010505320441054027
ROR2,-1.6599381398906699,6.6100321506221015e-09,1.9985571855972487e-06
RPIA,1.072188180897624,0.0002150029417877851,0.0035367572041060404
RPL10L,1.2529882792789673,0.0006233038498690448,0.007117267949541906
RPL12,1.2382917104833435,1.2556098904805298e-06,8.370862583523458e-05
RPL13AP17,1.029717965713805,0.002262517247720662,0.012886479999430859
RPL22L1,1.5476661393596232,9.91720910360834e-09,2.8012201029889506e-06
RPL36,1.1515255325286402,6.682473970079094e-05,0.0015391917244172524
RPL4,1.0087612571824782,2.604603337492552e-05,0.0007690924325440524
RPP25L,1.1873130198898065,0.0018874937371680112,0.011861483622888084
RPS10,1.0315602556127854,8.797106485138002e-05,0.0018828263700544116
RPS11P6,1.10529172440956,0.0007579991657474212,0.007949104661184226
RPS29,1.070618386627587,2.1784660191405936e-06,0.0001288295593192593
RRM2,1.3974734125060948,2.6164994704360574e-11,2.442104092689167e-08
RRS1,1.4767506157330508,5.1321473242699855e-06,0.00024002572246209974
RTL3,1.0196101876410097,0.0016499002694615257,0.0111465948742695
RTL5,-1.1820530708635022,0.0019109364855178185,0.011931958561550613
RTL8C,-1.1983523021177693,1.9382111567517118e-05,0.0006146183267489123
RTL9,1.035895159245713,0.0006588380991115303,0.007385523484922831
RUVBL1,1.0344110185700046,0.0001651229710627986,0.0029588437560977444
RXFP3,1.0662778509453772,0.0023197310633729677,0.013070253736857612
S100A11,-1.03686180960556,0.0008985378914304784,0.008580157491931242
S100A16,-1.7019606706604034,2.7986247141000475e-07,3.0342462998780667e-05
S100A2,-1.3873120708469417,1.281493535892958e-05,0.0004600304637962229
S100A4,-1.1431596465022684,4.3614056107165205e-05,0.0011040836585524947
SAC3D1,1.4223724081829874,1.1641863985151659e-06,8.035880841455006e-05
SAFB,1.1588532867201673,0.0002228627730099741,0.003649271661483687
SAPCD2,1.1722366879137893,1.9136312609065465e-07,2.3609150734414273e-05
SARAF,-1.2036710091544789,1.4980839430456715e-05,0.0005088507595785036
SAXO1,1.0790834905030358,0.004621400912589501,0.019294356746101627
SBDS,-1.5487317404640806,2.2540429184441077e-05,0.000694652819380689
SBK1,1.1236460445313905,0.00011584152067837176,0.0022835352841162593
SCAND1,1.3079546601810759,6.668566652274939e-05,0.0015376382419375523
SCAT1,1.0327652998724708,0.0008923540718274253,0.008567250097422596
SCGB1A1,-1.021420256248851,0.009845313933494904,0.032017778247286036
SCGB2A1,-1.070056417263987,0.009519354509788362,0.03125125910102871
SCML1,-1.027436503932984,5.01823765952275e-05,0.0012275711391720775
SCN7A,-1.2102114019261732,9.825435245749282e-05,0.0020336940913835665
SCPEP1,-1.0053728812600504,0.0023728562705191895,0.01324888643764696
SCRIB,1.4369172792960734,0.00029804997167091,0.004424784745407625
SCUBE2,-1.0422445837951222,3.544308433618189e-05,0.0009510708643060209
SCUBE3,-1.0096101536673556,0.00010797740888911273,0.0021605121332778977
SDCBPP2,1.2824705359373694,0.00015199307376144558,0.0027935233856480756
SDHAF4,1.0107406438902122,0.00031653464712990575,0.00461417283983025
SDR39U1,1.1931491931283815,0.00035450251523961023,0.004990233111245058
SEL1L2,1.0262229965188105,0.0011054193480500949,0.009473068720395763
SEMA4C,-1.0164040270144583,0.001179773860838977,0.009744133445929896
SERINC5,1.0218666588158245,3.365975096921641e-05,0.0009165368401819647
SERPINB1,-1.0387456943672582,0.0002050891950833891,0.0034288549461488427
SERPINB11,-1.1591805978538254,0.0024779629023942225,0.013531914317640996
SERPINF1,-1.3106649302054532,1.2000812465183402e-06,8.119268590002084e-05
SFMBT2,-1.3539982122883423,2.878037332771644e-05,0.0008241384973209175
SFRP4,1.1609595037224534,1.7438591759068116e-08,4.1594916587990584e-06
SFXN3,-1.0950029075847942,1.8111894044088455e-06,0.00011140631216173262
SGCG,-1.3856448604011917,0.004531577889834908,0.019051974649644726
SGCZ,1.0341104650476278,0.0003715101135392336,0.005160083943290703
SGF29,1.0508811034595809,0.00021327261971759075,0.003524498327542356
SGSM3,1.0427385527788318,0.0011957043574580327,0.00978353459854457
SH2D4A,1.1493534136232961,0.00011538597907532535,0.002280838685828738
SH3BGRL2,-1.1705835603732027,5.248158068985562e-07,4.579764604346059e-05
SH3BGRL3,1.3533018212632788,7.245790323718965e-05,0.0016304547261978511
SH3RF1,1.1575618602126139,7.505761609000425e-07,5.891286099775356e-05
SHOX,1.0724469757855992,0.0022713747188740216,0.012913029949700377
SHPRH,1.1494862640455619,0.0003355977705748632,0.004806055597685516
SHROOM4,-1.0804120898090543,0.0002610533638625157,0.004084571838219114
SIDT2,-1.2652716416779473,8.129914808806718e-06,0.0003285430251826024
SIRT6,1.1587730903324716,0.0001945605562704484,0.0033174197469878603
SKIC2,1.3814895090599655,0.00012296665171198523,0.0024019336781630454
SKIDA1,-1.2067007279018798,0.002142486392172732,0.01256976096768845
SKIL,-1.0538640418585419,0.00026489679216533927,0.004118902466297597
SLC12A7,1.3349011323239426,6.392113280939261e-06,0.00027946944155177823
SLC12A8,1.428308867015399,5.535544552252981e-07,4.7343240997296714e-05
SLC14A1,-1.8603938281264911,2.487260425099149e-14,1.8410208507854413e-10
SLC15A3,1.0867669399523283,0.0003031323255544336,0.0044816402428905135
SLC16A5,-1.506701164882621,2.8409267540270518e-05,0.0008175090432801438
SLC18A2,-1.7893946616279248,1.3233476686786138e-06,8.741016739545785e-05
SLC22A13,1.1760961950798954,0.0026105382318485355,0.013864392237841519
SLC25A10,1.0829989179655923,0.00032187186581370003,0.0046718210570809325
SLC25A22,1.1296781709861925,0.00010400280121089549,0.0021122309683957365
SLC25A33,1.028669630640727,0.0009424756090885098,0.008773687727798369
SLC25A38,1.1095501441075293,0.0008521747379114362,0.0083969333249957
SLC25A6,1.2250867133331949,1.9383081343877283e-05,0.0006146183267489123
SLC27A2,1.2813045103621092,2.4337214201573574e-06,0.00014120188574734592
SLC2A14,-1.0234169801475712,0.0006240147479825247,0.007121597339149845
SLC2A5,-1.2229263505700292,0.002077494883762014,0.012430442425196966
SLC35B2,1.0828052190115156,5.020764243690707e-05,0.0012275711391720775
SLC43A1,1.3279517455257563,1.5465179632322092e-06,9.939850633744261e-05
SLC5A6,1.2969727237844109,0.00015553473554729425,0.002836758001693939
SLCO2A1,-1.0725523583658645,0.0006683119116127187,0.007445070994597941
SLCO6A1,1.026099568969899,0.001259853023312112,0.010042229802830115
SLIRP,1.347544875202874,1.8879246618582923e-05,0.0006039952118645598
SMARCC1,1.0422011657888683,4.94244460435228e-05,0.0012125652379614902
SMARCD3,-1.079402515989647,0.002628018222282482,0.013900696799358608
SMIM10,-1.168241821599082,0.004090174848170492,0.017828179383893597
SMIM10L2A,-1.2786475080632111,0.00464259897171799,0.01934982944384881
SMIM10L2B,-1.2051776758616066,7.648536689102671e-05,0.0017030180154541236
SMIM22,1.0334093860584364,0.00017529059838344713,0.003097089115635769
SMOC1,-1.2786326314214498,0.0013113592130110047,0.010187553411782062
SMOC2,1.0691669479952497,4.65366035489082e-06,0.00022349021664080815
SMYD3,1.1027193600803669,1.4758082311082082e-05,0.0005052819026666652
SMYD4,-1.4642609440181509,1.8751136163794742e-07,2.3539803510419983e-05
SNAI2,-1.7995177540473226,3.0453468299457e-09,1.188626552698988e-06
SNAPC1,-1.0151793256945454,0.0027065954747729853,0.014099537165257622
SNHG16,1.2151970343391865,1.5359651062934747e-06,9.901670551592199e-05
SNHG19,1.535589211890708,2.635293404245769e-05,0.0007770857624854933
SNHG20,1.08556665254369,0.0008053922728236888,0.008179484549225173
SNHG3,1.0789991145587858,3.452963081859925e-05,0.0009300471578204142
SNHG8,1.1486946538024108,1.033963608640248e-06,7.473433261508485e-05
SNRPA,1.1731857783706425,0.0024278844298090997,0.013390915211353847
SNRPF,1.0039312568772085,0.0019476968291064238,0.012021623873038413
SOD3,-1.236356076316635,2.5584501727094814e-06,0.0001469769844013845
SORCS3,1.03244101157223,0.0026674841351766697,0.01401625611559042
SORCS3-AS1,1.0290395648673274,0.0014200535781359188,0.010517750909242903
SOX18,1.0399255328596084,0.002027778988450143,0.012265520300101217
SOX21,1.0340746933183405,0.0007702606009903337,0.008004614017486048
SOX4,1.1870897926347737,4.914613780502234e-07,4.451561773250694e-05
SOX7,-1.4045315886617102,4.2931011244466214e-05,0.0010919431497452088
SP7,1.0058855098220572,0.0030587635075423527,0.015005136246894809
SPATA31F1,1.040497142135068,0.0013624687222215813,0.010382717806152178
SPATA6,-1.3168452864503777,3.009796217841398e-12,4.61509252917152e-09
SPATA8,1.1290589692943973,0.0004407851861648574,0.00573474884327333
SPDEF,1.3539575273507354,3.277699671822221e-05,0.0009020817801924054
SPIN4,1.1753655565671748,3.126904943855429e-05,0.000877454489277706
SPINK7,1.0146177640551484,0.0012982604419690194,0.01016885962201821
SPMIP2,1.0016723521161377,0.0009018593534442726,0.008596898197330463
SPOCK3,-1.1396754570353385,2.803509387296228e-06,0.0001559143420131817
SPRR1A,1.037543015240979,0.00040955227538795174,0.005494911684845725
SPRY2,-1.4889739251093572,7.090384128312129e-06,0.0003008088460127993
SPTBN2,1.1736472522336652,1.5765163319712425e-05,0.0005263308880004147
SRD5A2,-1.3351714648456285,3.049352242868915e-07,3.224652443234827e-05
SRM,1.6021925490324458,4.961874210986531e-07,4.456759568504095e-05
SRRM1,-1.0934372719932537,1.931612255606744e-06,0.00011647730418851116
SRXN1,1.1293577985480523,1.5488879965381145e-05,0.0005195309159638079
ST14,1.0830217526944521,2.750337234998002e-06,0.00015375387870755758
ST6GALNAC2,-1.2803056652112212,0.0007939576716355402,0.008135508036754245
STAT5A,-1.0543349204906007,0.0011860986399120802,0.009755547702296025
STATH,1.0448469134515017,0.0008418506162939652,0.008358930240509968
STEAP1,1.1404805181852828,0.0021162187278317324,0.012527913592497183
STIL,1.520234767855556,8.441871341405672e-08,1.3423826080441152e-05
STING1,-1.0605006753682347,0.0017378945134959064,0.011404326398528739
STK25,1.188822663373079,0.002538823384715955,0.01367223434595055
STK39,1.1064744958129302,0.00038777812347588167,0.005331054508536283
STOM,-1.2108426115549715,9.517140176684069e-07,6.958980047726185e-05
STX19,1.5718809060539043,4.105711640018029e-06,0.00020402155503765516
SUCNR1,1.0401544467386987,0.0010883637612412633,0.009417132149361629
SULT2B1,-1.1966623785495683,0.0013930015936253779,0.010489193557931025
SUMF2,-1.0818405976306753,0.00010516155136698248,0.0021277125572054787
SUMO4,1.0930600719584431,0.0008785870422043384,0.008503439150135498
SUPT3H,-1.6090594658987838,1.9600625676964642e-07,2.3947487079384997e-05
SURF2,1.0359730091496466,0.00011483012496105047,0.002271943126763936
SURF6,1.302663016443903,1.370056001620881e-05,0.0004833214612404784
SYNGR1,-1.1061023833827823,2.9229725240711904e-05,0.0008344075954020777
SYNJ2BP,1.115666381294016,5.002199953123795e-07,4.474259433071188e-05
TACR3,1.190524100449336,0.0023617759950977936,0.013230752945397791
TARP,1.323042150375119,0.0002813909988800013,0.0042569560063121835
TAS1R2,1.0604964805330543,0.0014386972453213208,0.010587766117693794
TAS2R16,1.07161377999409,0.0015229332841286327,0.010825433380923628
TBC1D1,-1.3055458409769152,4.466694012824872e-05,0.0011201696305293402
TCEAL2,-1.3042295752033508,4.776708970129598e-07,4.382120147938978e-05
TCEAL3,-1.0186013528204285,0.00020448472084720864,0.0034267552712154785
TCF7L1,-1.7069756724033587,6.0101775465246195e-05,0.0014069845298936097
TEAD1,-1.0789401498820104,2.897667597591965e-07,3.110211515875336e-05
TELO2,1.125992397951459,0.0033266745343143575,0.015809989423981916
TENT5B,-1.1303670712207476,0.002018003931577014,0.012243083897690705
TERF2IP,-1.1277082503958913,7.027405942790697e-05,0.001589680272903656
TEX12,1.0010347155941062,0.0010621455118090747,0.009316304530276182
TEX13B,1.0296530556102828,0.002023970173990205,0.012258119984568175
TEX51,1.013256695749464,0.0036547872902459905,0.016698266589153694
TFCP2L1,-1.3653120709765312,3.749956116129133e-06,0.00019212483996406706
TFDP2,-1.0330806773948407,3.0179294157422122e-06,0.00016349480006041622
TGFBR3,-1.434214574284254,1.0622322946893908e-06,7.550642605992434e-05
THAP4,1.1571696133136908,2.0693965918605123e-06,0.0001233992684374156
THAP7,1.4141053682592362,1.0384683669871099e-06,7.48080551480278e-05
THBS4,1.3388528199132206,1.8246603851443192e-06,0.00011191424139398027
THSD4,-1.2271550241400142,5.083583716250298e-07,4.490917351306385e-05
TIMELESS,1.0243779511541968,8.45731443587943e-06,0.00033745942192383595
TLCD1,1.0122494928941421,0.0002669194148537625,0.004134530344297379
TM7SF2,1.0201083119877712,0.0014929236799254824,0.01074014498557652
TMA16,1.0726161773134248,9.137601656876734e-06,0.00035860492645004173
TMEM14C,-1.3227006664877778,1.7435715930416698e-05,0.0005671098695125079
TMEM161A,1.0290599051219238,8.631187886418343e-07,6.47852134117981e-05
TMEM178A,1.1886147140868926,2.5432747977727146e-07,2.8142515507106633e-05
TMEM200B,1.201646332806157,0.00021230256099250306,0.003513877468639987
TMEM237,-1.342795867470164,1.4291772770827534e-07,1.8707407687277725e-05
TMEM250,1.6394446987697857,1.505628323782919e-05,0.0005102359573235617
TMEM252,-1.4089447439496983,1.3814575951407174e-05,0.0004848755036474264
TMEM268,1.119553932409437,0.0032396933415011365,0.015516844480590115
TMEM35B,-1.2533680033789145,6.226981768626546e-06,0.00027452837522257584
TMEM69,1.3019971658305791,9.59582813157871e-06,0.00037169023464565196
TMSB15B,-1.0020463235775194,0.00040551717190199507,0.005471550678328176
TMTC4,1.4198036007750103,2.4862852661631257e-08,5.18460861580133e-06
TNS4,-1.6255387672123494,9.468903968758468e-07,6.958980047726185e-05
TOMM40,1.4871340424818738,4.1438254384116856e-07,4.00922983828823e-05
TONSL-AS1,1.070847184144411,0.004835034791351348,0.01984203629629887
TOP2A,1.0442396741566804,3.346757429929812e-08,6.4147180132413635e-06
TP53INP1,1.1470300644260578,1.8582038307309987e-06,0.00011364689924302664
TP53INP2,-1.0108694044694668,9.58601235788436e-05,0.002005681552501984
TP63,-1.5612807346774553,5.828386701961664e-07,4.830809935560272e-05
TRAF3IP2,-1.645459601228785,5.498648693019189e-09,1.735076611692171e-06
TRAM2,1.1528354652052926,3.1874041422894385e-09,1.2218572271879889e-06
TRAV16,1.0083564820560582,0.0027370068627212167,0.01417840886149526
TRBV21-1,1.0502639650807557,0.001150905183405613,0.009627866178062765
TRDN-AS1,1.0663508019238828,0.0008510338875260696,0.008395746536545099
TRG-AS1,-1.2982759825707106,0.00027169688880700264,0.00417204371389122
TRGV9,1.3876330944307491,0.00018798495236849603,0.0032439493348026564
TRIM29,-1.6435307859832342,1.4095226529056526e-12,2.889752618176886e-09
TRIM6,-1.0121329778229398,0.0005329645472720299,0.006511752951786378
TRIM68,1.0327796187365315,0.0011345880176064523,0.009581511004704056
TRIP10,-1.006867930074201,0.00016971933899546387,0.0030225396105633766
TRIP12,-1.0446325880048954,2.7276840433372467e-05,0.0007955868662815309
TRPA1,1.024638292273724,0.001191964548795363,0.009779788106565058
TRPC1,-1.1093288113136541,0.0008058351729174771,0.008179484549225173
TRPM4,1.6452543401128668,2.190881101288114e-12,3.617818815488611e-09
TRPM8,1.0352093968543843,0.00016127180322746137,0.0029122815062064687
TRUB2,1.4902450820938418,8.225150551577411e-10,4.012938792970734e-07
TSC22D3,-1.3515833256383036,2.8593958344560777e-06,0.00015779601639657743
TSG101,1.0757513813997517,0.00028194650084318446,0.004260839301824991
TSHZ3,-1.3495851163916015,9.191433992949361e-07,6.810998919502695e-05
TSPAN1,1.268409361763311,1.6272985206096347e-05,0.0005407618783580035
TSPAN13,1.3578715555758176,0.00013219914004773946,0.00253159584246639
TSPAN18,-1.0458949933635073,0.001352065360193656,0.010343830038231366
TSPAN32,1.020185380182704,0.0012105698113186794,0.009847405130571463
TSPYL2,-1.281131510988066,2.4515229482690586e-05,0.000738104391732004
TSSC4,1.0152283463007783,0.0008065985203170682,0.008179484549225173
TTLL1-AS1,1.0046785141690888,0.005437438285259895,0.02139396768139189
TTLL12,1.618014000174564,3.1116141566810786e-07,3.274363779483957e-05
TTTY5,1.0019308129714846,0.0018984248402959196,0.011889113327091418
TUBA3C,1.281932058441567,0.0020157051329539335,0.012243083897690705
TUBA4A,-1.307699767435661,2.0822383679096713e-08,4.656188650408012e-06
TUBB3,1.212350521985497,3.921437350428057e-05,0.0010230133933000665
TUBG2,-1.037133731321497,0.0025702294194050066,0.013776558039043017
TWIST1,1.0732906033014338,0.000351188843692093,0.004966383997060712
TXK,1.0587127116968362,0.0004871554269562727,0.006117200220065552
TXN,1.4409791856543128,1.1745057842964716e-06,8.055308521243564e-05
TXNDC8,1.157837317793087,0.0013465033651583723,0.010315984204088073
UAP1,1.3816054727418714,1.277233449313789e-05,0.00045926918687469193
UBA7,-1.333197797800171,6.345156595732368e-08,1.0857776267353013e-05
UBE2D3-AS1,-1.051624200169424,0.016210343452663936,0.04584148393700989
UBE2DNL,1.0626612203353414,0.0009850893149530747,0.008949179993270271
UBE2E1,1.1020712443190954,8.941061475713968e-05,0.0019022573508340117
UBE2Q2P13,-1.6682585704967203,2.8183706210448043e-06,0.00015633581943661192
UBE2QL1,-1.0734139413672938,0.008081135779259408,0.027796465594193513
UBE2R2,1.0923780194165154,0.00012749407462029735,0.0024723715446015567
UCK2,1.2163095249320757,4.4660398044154877e-07,4.2128620936414266e-05
UGDH,1.0000229923470327,5.556659928156863e-05,0.0013268611643797927
ULK3,1.1488225096211226,5.2305059184752115e-06,0.00024303738214698564
UNC5C-AS1,-1.039089896607769,0.008297488999852847,0.028354963018600847
UNC79,1.1748732913009463,0.0007466470640426973,0.007920810960093873
UPK1A,-1.381892885286109,0.002264130439544124,0.012888912263509335
UQCC3,1.3987096442134335,1.642197830779731e-05,0.0005440287165640198
USF2,1.2982986587413539,0.00016960333851080467,0.0030225396105633766
USP11,-1.1923001670316609,9.543637943813942e-06,0.0003711472386591556
UTP14A,1.028998609679034,1.3918275360691249e-05,0.0004851635177453891
UTP25,1.1616431929865874,3.7835057450913752e-06,0.00019232995606925174
UTS2B,1.0112572757856975,0.0015202304609188155,0.010813382141996095
VANGL2,-1.0220538144067894,0.00017043675844194048,0.0030312890583870226
VARS1,1.4449349682456898,3.658715013892073e-07,3.704794113359488e-05
VASN,1.3729682953582718,5.027143929338133e-05,0.0012277326363037736
VEGFA,-1.6613791569754572,7.376288267823935e-11,5.6552421516205854e-08
VPS13A,1.0573073122925887,2.2074350357350754e-07,2.5614598871418844e-05
VPS37B,1.0700749862522918,0.00014930283834225987,0.0027628764463308014
VPS37C,1.2174638226014827,6.162670222856208e-07,5.0687372288909666e-05
VPS54,1.1896947958419892,8.100103949415756e-06,0.00032808477638133593
VSIG10L,-1.019127822177476,0.005420610599034638,0.021350585706205478
VSNL1,-1.5077045480378815,5.841888787403646e-05,0.0013796240549966345
VSTM1,1.0126723963022048,0.0002697296163419161,0.004153719995704385
VWA5A,-1.6381393332370955,4.234267699457086e-12,6.0598016469496844e-09
WASF1,1.2350121837422088,1.419406094190672e-07,1.8707407687277725e-05
WASF3,1.4092935824250037,1.417009108968661e-08,3.664931872557861e-06
WBP1L,-1.3599901684043272,8.553302664010883e-07,6.442587659239356e-05
WDR43,1.2799526259007556,2.3372370852304904e-06,0.00013671244825243307
WDR83,1.173125116210899,0.00469690692713728,0.01948000405812519
WIF1,-1.5399471724602423,1.730982762425052e-05,0.0005655861029068279
WSB1,-1.1161278197379136,4.711681762881737e-07,4.355429239062705e-05
WT1-AS,1.0336500099982757,0.001277212150559509,0.010076508467121008
XPO6,1.1051802594465707,1.1368150834808147e-06,7.90412785459437e-05
YARS2,1.2042124142351809,0.0007262853312643178,0.00781578603855304
YEATS4,1.2170158220889327,1.30584017194665e-05,0.0004664304654106279
YWHAG,1.0678382037675807,0.0011473318250957744,0.009624764474142629
ZBTB18,1.0433339851859678,0.00026820336026366645,0.004140999195145637
ZBTB20,-1.3762763232044173,6.476597038770404e-10,3.3123299534738695e-07
ZBTB20-AS1,-1.1474917964128095,0.0012741696816324349,0.010076508467121008
ZDHHC11,1.3286212132695447,2.008060141794838e-07,2.4277296443324378e-05
ZDHHC11B,1.2044665984856953,3.62070279221263e-05,0.0009655357371481805
ZDHHC12,1.0985225062249193,2.8071139265244135e-05,0.0008110405741682313
ZDHHC23,1.2656679282633194,8.234030645422585e-05,0.0017981682183650725
ZFAND1,1.062414649458793,0.0003394039241072695,0.004850854886025802
ZFP69B,1.0177403585568554,3.0441179608870896e-05,0.0008609760245897649
ZHX2,-1.2598734441032549,1.7102123712285407e-08,4.1302974349777325e-06
ZMAT2,-1.3572735453580174,2.2500796646334273e-07,2.596906460251924e-05
ZNF121,1.4360191287853161,1.1582420228185537e-06,8.020639194788998e-05
ZNF146,1.1875909482836287,2.2435400479599353e-08,4.864855980763226e-06
ZNF204P,-1.3652859167975104,7.248960756577034e-07,5.7634607615347845e-05
ZNF280A,1.0372290416306615,0.00046736387166749333,0.005943661275524929
ZNF285,1.12655057809001,0.0002679042657726777,0.004140999195145637
ZNF30,1.4461580317902774,3.6175063027495003e-09,1.2730657016577627e-06
ZNF385A,-1.0417749888708563,0.00877363779088096,0.029488599100805004
ZNF394,-1.4272984646081037,2.5728152757051868e-14,1.8410208507854413e-10
ZNF48,1.256599129566792,0.0001894067312246556,0.003263702180560056
ZNF483,-1.4898984444063816,9.579722169622629e-07,6.971115112382676e-05
ZNF485,1.094745888890487,6.343286991356435e-07,5.188239567891805e-05
ZNF486,1.1243861108917947,0.0006072435686027802,0.007015983685250744
ZNF511,1.5195444141056433,7.515666923450973e-08,1.2222638018615307e-05
ZNF532,-1.1806490039918347,7.124178800393968e-08,1.1764211254465946e-05
ZNF574,1.0681448831426548,0.0017144437305720477,0.011334759336061026
ZNF577,1.2593930437570926,2.0629601947490384e-07,2.4475343296436205e-05
ZNF613,1.1367874007668115,8.9129847104394e-06,0.0003514586769198089
ZNF614,1.0494030482094265,1.114121613000222e-06,7.815963616429988e-05
ZNF615,1.125350735656828,6.170340568352099e-06,0.00027367500202647623
ZNF624,1.0391789886059002,1.3681443868059844e-06,8.981637783352926e-05
ZNF649,1.2087471855664935,8.095475443785097e-06,0.00032808477638133593
ZNF655,-1.3149189820061948,6.103076528364818e-10,3.2753685958601887e-07
ZNF710-AS1,-1.1348180411138604,2.4764688465751143e-05,0.0007435294647472444
ZNF711,-1.6558068826760277,2.1449526085897646e-07,2.5161583414533594e-05
ZNF768,1.03197992115992,0.0031862663457070607,0.015372782147399022
ZNF789,-1.179501023303673,3.7832927835479647e-06,0.00019232995606925174
ZNF827,-1.3913528000368325,1.963365969148814e-07,2.3947487079384997e-05
ZRSR2P1,-1.023987150326712,0.002163010277721361,0.012627420406562331
ZSCAN16,1.4602145671714402,5.452721763833813e-07,4.6821431241688183e-05
